"a_fecha","playerRanking","code","name","age","imageUrl","team_code","team_tvCodes","team_name","team_imageUrl","gamesPlayed","gamesStarted","minutesPlayed","pointsScored","twoPointersMade","twoPointersAttempted","twoPointersPercentage","threePointersMade","threePointersAttempted","threePointersPercentage","freeThrowsMade","freeThrowsAttempted","freeThrowsPercentage","offensiveRebounds","defensiveRebounds","totalRebounds","assists","steals","turnovers","blocks","blocksAgainst","foulsCommited","foulsDrawn","pir"
"22-09-2026 09:28:28",1,"003469","VEZENKOV, SASHA",30,"https://media-cdn.cortextech.io/1dU3kpCqReRp93/1BSdBWIjCjnONy/f65c52c5-542f-4796-8dc6-b46cc9a6f3d5.png","OLY","OLY","Olympiacos Piraeus","https://media-cdn.incrowdsports.com/789423ac-3cdf-4b89-b11c-b458aa5f59a6.png",39,39,27.8354700854701,19,4.8,7.8,"61.8%",1.8,4.4,"40.5%",3.9,4.4,"89%",1.4,5,6.4,1.3,0.6,1.1,0.1,0.2,0.9,3.1,22.1
"22-09-2026 09:28:28",2,"009846","BRYANT, ELIJAH",30,"https://media-cdn.cortextech.io/c344f0a6-f545-4bfe-b59b-61f8ccce3c0e.png","HTA","HTA","Hapoel Tel Aviv","https://media-cdn.incrowdsports.com/cbb1c3ad-03d5-426a-b5ef-2832a4eee484.png",38,38,29.4789473684211,15.4,4.3,7.2,"59.6%",1.2,3.2,"37.2%",3.3,3.7,"89.3%",0.9,4.3,5.2,3.3,0.7,2.2,0.1,0.3,2.1,4.8,19.6
"22-09-2026 09:28:28",3,"003941","MILUTINOV, NIKOLA",31,"https://media-cdn.cortextech.io/1dU3kpCqReRp93/1BSdBWIjCjnONy/8a5ab349-9cac-4572-b214-a99e48788920.png","OLY","OLY","Olympiacos Piraeus","https://media-cdn.incrowdsports.com/789423ac-3cdf-4b89-b11c-b458aa5f59a6.png",40,40,21.53375,10.2,3.5,5.2,"67.8%",0,0.1,"0%",3.1,4,"78.1%",3.2,4,7.2,1.4,0.6,0.7,0.6,0.2,0.6,3.8,19.4
"22-09-2026 09:28:28",4,"007975","FRANCISCO, SYLVAIN",28,"https://media-cdn.cortextech.io/1dU3kpCqReRp93/1BSdBWIjCjnOS1/e5467e2c-9009-4189-8e8b-35d8347f5b54.png","ZAL","ZAL","Zalgiris Kaunas","https://media-cdn.incrowdsports.com/0aa09358-3847-4c4e-b228-3582ee4e536d.png",42,35,27.7761904761905,16.5,2.3,4.5,"51.3%",2.7,7,"38.6%",3.9,4.9,"79.9%",0.5,2.4,2.9,6.5,1,2.8,0.3,0.5,2,4.7,19.2
"22-09-2026 09:28:28",5,"005985","JAMES, MIKE",35,"https://media-cdn.cortextech.io/1dU3kpCqReRp93/1BSdBWIjCjnONz/286b3dbb-72aa-4f86-aa59-d254a86448c5.png","MCO","ASM","AS Monaco","https://media-cdn.incrowdsports.com/89ed276a-2ba3-413f-8ea2-b3be209ca129.png",39,39,29.9358974358974,16.4,3.7,7.8,"47.5%",1.4,4.3,"32.7%",4.7,5.5,"86%",0.4,3.1,3.5,6.5,0.9,2.5,0.1,0.5,1.9,4.4,19.1
"22-09-2026 09:28:28",6,"012201","MONEKE, CHIMA",30,"https://media-cdn.cortextech.io/1dU3kpCqReRp93/1BSdBWIjCjnONz/08270e7f-2a17-43ae-a234-5b83ebc80a63.png","RED","CZV","Crvena Zvezda Meridianbet Belgrade","https://media-cdn.incrowdsports.com/d2eef4a8-62df-4fdd-9076-276004268515.png",35,35,26.907619047619,13.9,3.8,6.1,"62.4%",0.7,1.9,"34.3%",4.3,5.6,"77.4%",1.7,4.8,6.5,2,1,1.8,0.4,0.4,2.6,4.3,18.5
"22-09-2026 09:28:28",7,"010042","MONTERO, JEAN",22,"https://media-cdn.cortextech.io/1dU3kpCqReRp93/1BSdBWIjCjnONy/a67a26a1-5ce5-4dad-801b-a2ca76c83d72.png","PAM","VBC","Valencia Basket","https://media-cdn.cortextech.io/1dU3kpCqReRp93/1BSdBWIjChWbHL/bc3e00b2-fea4-40be-a7ec-1e633129bde3.png",38,20,22.9921052631579,14.4,2.7,5.3,"51.7%",1.8,5.5,"32.4%",3.5,4,"88.2%",0.8,2.2,3,4.8,1.1,1.4,0.3,0.3,1.4,4.1,17.9
"22-09-2026 09:28:28",8,"012640","HIFI, NADIR",23,"https://media-cdn.cortextech.io/1dU3kpCqReRp93/1BSdBWIjCjnONz/c4dc8064-fc52-451a-b27c-0aa9ec164948.png","PRS","PBB","Paris Basketball","https://media-cdn.incrowdsports.com/a033e5b3-0de7-48a3-98d9-d9a4b9df1f39.png",37,19,22.2671171171171,18.9,3.5,7.5,"47.3%",2.4,6.7,"35.1%",4.8,5.6,"84.2%",0.3,2,2.3,3.8,0.9,2.4,0,0.5,1.9,5.6,17.6
"22-09-2026 09:28:28",9,"012796","KABENGELE, MFIONDU",28,"https://media-cdn.cortextech.io/1dU3kpCqReRp93/1BSdBWIjCjnONy/c758af2a-bc8d-4e9a-ac62-362597904633.png","DUB","DUB","Dubai Basketball","https://media-cdn.incrowdsports.com/1efae090-16e2-4963-ae47-4b94f249c244.png",36,35,22.2486111111111,14.2,4.9,7.9,"61.8%",0.6,1.8,"32.3%",2.7,3.2,"82.1%",2,4.1,6.1,1.2,0.7,1,0.7,0.3,2.6,3.2,17.4
"22-09-2026 09:28:28",10,"012878","WRIGHT, MOSES",27,"https://media-cdn.cortextech.io/1dU3kpCqReRp93/1BSdBWIjCjnONy/44aa0f82-0341-41b1-97e4-e1ff901f8578.png","ZAL","ZAL","Zalgiris Kaunas","https://media-cdn.incrowdsports.com/0aa09358-3847-4c4e-b228-3582ee4e536d.png",42,29,23.6369047619048,13.2,4.9,7.7,"63.4%",0.3,0.9,"30.6%",2.6,3.6,"73.3%",2.4,4.1,6.5,0.8,0.6,1.5,0.9,0.4,2,3.4,17.1
"22-09-2026 09:28:28",11,"012788","OTURU, DAN",26,"https://media-cdn.cortextech.io/1dU3kpCqReRp93/1BSdBWIjCjnOO0/4f6f71f3-8978-49e7-9c3f-313c81ae0339.png","HTA","HTA","Hapoel Tel Aviv","https://media-cdn.incrowdsports.com/cbb1c3ad-03d5-426a-b5ef-2832a4eee484.png",42,42,23.8928571428571,13.9,6,8.5,"71%",0,0,"0%",1.9,3,"64.3%",2.5,3.2,5.7,0.8,0.5,1.4,1.4,0.6,2.7,2.8,16.8
"22-09-2026 09:28:28",12,"009863","BALDWIN IV, WADE",29,"https://media-cdn.cortextech.io/1dU3kpCqReRp93/1BSdBWIjCjnONy/43d87c83-f7d6-4748-bb4b-cb59f5875ee4.png","ULK","FBB","Fenerbahce Istanbul","https://media-cdn.cortextech.io/1dU3kpCqReRp93/1BSdBWIjCiezrk/aa39750a-6203-49ee-a87d-edd0c6f0397d.png",42,7,25.8468253968254,14,4.1,7.9,"52.1%",0.9,3.2,"29.3%",3,3.9,"78.5%",0.7,2.5,3.2,5.5,0.7,2.3,0.4,0.3,1.6,3.7,16.4
"22-09-2026 09:28:28",13,"012080","LUWAWU-CABARROT, TIMOTHE",30,"https://media-cdn.cortextech.io/1dU3kpCqReRp93/1BSdBWIjCjnONy/894b61b0-9ef5-4796-889d-6cf29eaede45.png","BAS","KBA","Baskonia Vitoria-Gasteiz","https://media-cdn.cortextech.io/cbc49cb0-99ce-4462-bdb7-56983ee03cf4.png",36,2,25.4101851851852,18.2,3.2,5.8,"54.8%",2.7,6.5,"41.2%",3.9,4.4,"89.8%",0.6,2.9,3.4,1.9,0.6,1.8,0.1,0.5,2.5,3.7,16.4
"22-09-2026 09:28:28",14,"006835","HOARD, JAYLEN",26,"https://media-cdn.cortextech.io/3fb1a66a-a679-4665-94d2-60192fcd7e16.png","TEL","MTA","Maccabi Rapyd Tel Aviv","https://media-cdn.cortextech.io/1b533342-78f5-4932-b714-a7d80b5826b5.png",35,35,28.8109523809524,11.7,3.9,6.9,"57.1%",0.4,1.3,"30.4%",2.7,3.1,"86.4%",2.2,4.8,7.1,1.3,0.9,1.1,0.3,0.5,1.7,2.5,16.1
"22-09-2026 09:28:28",15,"013363","NWORA, JORDAN",27,"https://media-cdn.cortextech.io/1dU3kpCqReRp93/1BSdBWIjCjnONz/9398d5d9-12c5-4b31-8cd6-5a8ab6e253fb.png","RED","CZV","Crvena Zvezda Meridianbet Belgrade","https://media-cdn.incrowdsports.com/d2eef4a8-62df-4fdd-9076-276004268515.png",34,29,27.1294117647059,16.9,4.1,7.6,"54.9%",1.8,5.1,"35.6%",3.2,3.9,"80.6%",0.7,3.7,4.4,1.6,1.1,2.2,0.3,0.3,1.9,3.5,15.9
"22-09-2026 09:28:28",16,"012606","WRIGHT IV, MCKINLEY",27,"https://media-cdn.cortextech.io/1dU3kpCqReRp93/1BSdBWIjCjnONy/ed6dcc8c-2978-4685-aaf8-de47979d3440.png","DUB","DUB","Dubai Basketball","https://media-cdn.incrowdsports.com/1efae090-16e2-4963-ae47-4b94f249c244.png",38,38,29.5513157894737,12.7,3.8,6.8,"55.6%",0.7,1.9,"37.8%",2.9,3.4,"85.3%",0.4,2.3,2.7,6.1,1,2,0.2,0.6,2.8,3.1,15.7
"22-09-2026 09:28:28",17,"012774","NUNN, KENDRICK",30,"https://media-cdn.cortextech.io/1dU3kpCqReRp93/1BSdBWIjCjnOS1/d913fc4c-1568-43ac-a589-7087cf2f068c.png","PAN","PAO","Panathinaikos AKTOR Athens","https://media-cdn.incrowdsports.com/e3dff28a-9ec6-4faf-9d96-ecbc68f75780.png",37,33,29.7306306306306,18.3,4.9,8.3,"58.4%",2.1,5.4,"38%",2.4,2.7,"88.9%",0.6,2.1,2.7,3.5,1,2.9,0.1,0.4,2.7,3.3,15.6
"22-09-2026 09:28:28",18,"005791","TAVARES, WALTER",33,"https://media-cdn.cortextech.io/1dU3kpCqReRp93/1BSdBWIjCjnONy/741a7c56-5df6-4b34-a1b5-7dc4c49cc98d.png","MAD","RMB","Real Madrid","https://media-cdn.incrowdsports.com/371b0d9b-9250-4c09-bda7-0686cf024657.png",39,39,22.7576923076923,9.6,3.6,5.3,"68.9%",0,0,"0%",2.3,3.1,"73%",2.5,4.1,6.6,0.6,0.6,1.6,1.8,0.3,2.5,3.2,15.5
"22-09-2026 09:28:28",19,"011194","PETRUSEV, FILIP",25,"https://media-cdn.cortextech.io/1dU3kpCqReRp93/1BSdBWIjCjnONy/12d855f3-30b7-4c5c-8078-91fe394bd701.png","DUB","DUB","Dubai Basketball","https://media-cdn.incrowdsports.com/1efae090-16e2-4963-ae47-4b94f249c244.png",38,30,23.4969298245614,11.6,3.4,6.1,"57%",0.3,0.9,"39.4%",3.7,4.5,"81.3%",1.2,3.6,4.8,1.5,0.6,1.1,0.4,0.3,1.9,3.7,15.4
"22-09-2026 09:28:28",20,"001133","SHENGELIA, TORNIKE",34,"https://media-cdn.cortextech.io/1dU3kpCqReRp93/1BSdBWIjCjnONy/4cb07e90-2192-4e12-9b9d-5fb1b565699e.png","BAR","BAR","FC Barcelona","https://media-cdn.incrowdsports.com/35dfa503-e417-481f-963a-bdf6f013763e.png",34,29,24.9485294117647,12.4,3.8,6.5,"58.6%",0.7,1.9,"36.5%",2.8,3.4,"81.9%",1.5,3.1,4.6,2.6,0.8,1.8,0.3,0.5,2.9,4.2,15.4
"22-09-2026 09:28:28",21,"014117","LYLES, TREY",30,"https://media-cdn.cortextech.io/934e8573-ed4a-4319-872f-e2975479c9f7.png","MAD","RMB","Real Madrid","https://media-cdn.incrowdsports.com/371b0d9b-9250-4c09-bda7-0686cf024657.png",42,12,21.1904761904762,13.5,2.9,5.2,"54.5%",1.6,3.5,"45.9%",2.9,3.7,"78.6%",1.1,3.5,4.5,1.5,0.5,1.3,0.5,0.5,1.8,3.2,15.1
"22-09-2026 09:28:28",22,"008987","LEDAY, ZACH",31,"https://media-cdn.cortextech.io/2ba1fc70-da04-4497-83bc-7ff3bc0f3c08.png","MIL","EA7","Armani Olimpia Milan","https://media-cdn.cortextech.io/1dU3kpCqReRp93/1BSdBWIjChWbHH/5c2f0ab6-f86a-4df0-b2f3-f9ab92f7267b.png",30,30,24.6227777777778,13.1,2.5,4.9,"51.4%",1.7,3.4,"49.5%",3,3.6,"82.4%",0.9,3.3,4.2,0.9,0.5,1,0.3,0.2,1.6,3.6,15.1
"22-09-2026 09:28:28",23,"009048","MILLER-MCINTYRE, CODI",31,"https://media-cdn.cortextech.io/1dU3kpCqReRp93/1BSdBWIjCjnONy/b98b2f04-52a1-4c10-8f29-396df546162b.png","RED","CZV","Crvena Zvezda Meridianbet Belgrade","https://media-cdn.incrowdsports.com/d2eef4a8-62df-4fdd-9076-276004268515.png",39,39,30.9354700854701,12.6,3,5.7,"52.2%",1.8,5.4,"33%",1.3,2.1,"60.5%",0.8,3.6,4.5,7.4,1,2.8,0.1,0.6,2.5,2.7,15
"22-09-2026 09:28:28",24,"004888","CLYBURN, WILL",35,"https://media-cdn.cortextech.io/1dU3kpCqReRp93/1BSdBWIjCjnONy/62a8ca97-d805-4218-adc6-26d09c7d9daa.png","BAR","BAR","FC Barcelona","https://media-cdn.incrowdsports.com/35dfa503-e417-481f-963a-bdf6f013763e.png",33,29,25.5631313131313,13.8,2.8,5.1,"53.8%",2,5.1,"38.7%",2.3,3.2,"72.6%",0.9,3.2,4.2,1.6,1.1,1.8,0.2,0.1,1.8,3.9,14.7
"22-09-2026 09:28:28",25,"014124","HORTON TUCKER, TALEN",25,"https://media-cdn.cortextech.io/1dU3kpCqReRp93/1BSdBWIjCjnONy/4c8a9b8b-d490-490a-839f-507390c765c4.png","ULK","FBB","Fenerbahce Istanbul","https://media-cdn.cortextech.io/1dU3kpCqReRp93/1BSdBWIjCiezrk/aa39750a-6203-49ee-a87d-edd0c6f0397d.png",41,33,23.8365853658537,15.7,4.7,8.2,"57.1%",1,3.7,"26.5%",3.3,4.4,"75.7%",1.1,2.7,3.8,2.2,0.7,2.1,0.5,0.5,2.4,4.1,14.5
"22-09-2026 09:28:28",26,"013367","FORREST, TRENT",27,"https://media-cdn.cortextech.io/1dU3kpCqReRp93/1BSdBWIjCjnONy/ecddbfd3-de63-4853-8edd-e177eb099698.png","BAS","KBA","Baskonia Vitoria-Gasteiz","https://media-cdn.cortextech.io/cbc49cb0-99ce-4462-bdb7-56983ee03cf4.png",27,22,23.8716049382716,10.9,2.6,5.1,"50.4%",0.6,2.1,"28.1%",3.9,4.5,"86.1%",0.6,2.1,2.8,4.4,0.8,1.4,0.3,0.3,1.7,3.5,14.5
"22-09-2026 09:28:28",27,"005928","CAMPAZZO, FACUNDO",34,"https://media-cdn.cortextech.io/1dU3kpCqReRp93/1BSdBWIjCjnONy/76403e82-85ef-455e-a8d9-1ed4d2858efe.png","MAD","RMB","Real Madrid","https://media-cdn.incrowdsports.com/371b0d9b-9250-4c09-bda7-0686cf024657.png",44,37,24.3878787878788,12,1.4,3.1,"46.3%",2.2,5.2,"42.1%",2.6,3.1,"84.4%",0.3,1.6,1.9,5.1,1.1,2,0,0.2,2.1,3.8,14.4
"22-09-2026 09:28:28",28,"014008","ROBINSON, JUSTIN",28,"https://media-cdn.cortextech.io/1dU3kpCqReRp93/1BSdBWIjCjnONz/d326f31e-8ffc-40bb-8d8f-ad41f16d794e.png","PRS","PBB","Paris Basketball","https://media-cdn.incrowdsports.com/a033e5b3-0de7-48a3-98d9-d9a4b9df1f39.png",36,19,18.9726851851852,14.6,2.5,5.1,"49.5%",1.9,5.5,"34.3%",3.9,4.7,"82.8%",0.3,1.2,1.5,4.5,0.9,2.1,0.1,0.5,1.9,4.2,14.4
"22-09-2026 09:28:28",29,"006760","BONGA, ISAAC",26,"https://media-cdn.cortextech.io/1dU3kpCqReRp93/1BSdBWIjCjnONz/7a8c7109-5192-4ff2-aa92-51bbaf656f60.png","PAR","PAR","Partizan Mozzart Bet Belgrade","https://media-cdn.incrowdsports.com/2681304e-77dd-4331-88b1-683078c0fb49.png",38,28,27.7833333333333,9.9,2.6,4.2,"60.2%",0.8,2.6,"31%",2.4,2.9,"82.7%",1.7,3.9,5.6,1.5,0.9,1.3,0.5,0.2,2.1,3.3,14.3
"22-09-2026 09:28:28",30,"011219","SORKIN, ROMAN",29,"https://media-cdn.cortextech.io/3b33706b-7e4e-4914-a4ff-074e7ffb43e1.png","TEL","MTA","Maccabi Rapyd Tel Aviv","https://media-cdn.cortextech.io/1b533342-78f5-4932-b714-a7d80b5826b5.png",38,35,22.9065789473684,13.5,4.4,7.7,"57%",0.8,2.4,"34.1%",2.3,2.8,"81.9%",1.7,2.5,4.2,1.7,0.6,1.2,0.6,0.5,2.2,2.8,14.1
"22-09-2026 09:28:28",31,"011286","BACON, DWAYNE",30,"https://media-cdn.cortextech.io/1dU3kpCqReRp93/1BSdBWIjCjnONy/849bf907-264a-4094-b7ea-00d3f048eecb.png","DUB","DUB","Dubai Basketball","https://media-cdn.incrowdsports.com/1efae090-16e2-4963-ae47-4b94f249c244.png",29,26,29.3804597701149,16.2,4.4,9.3,"46.9%",1.3,4.1,"31.4%",3.6,4.6,"78.8%",0.6,3.5,4.1,2.4,0.8,2.2,0.2,0.6,2.5,4.3,13.9
"22-09-2026 09:28:28",32,"011199","NEBO, JOSH",28,"https://media-cdn.cortextech.io/1dU3kpCqReRp93/1BSdBWIjCjnONz/be29a3c4-23df-47f2-9600-a69b977d1492.png","MIL","EA7","Armani Olimpia Milan","https://media-cdn.cortextech.io/1dU3kpCqReRp93/1BSdBWIjChWbHH/5c2f0ab6-f86a-4df0-b2f3-f9ab92f7267b.png",26,14,21.5467948717949,10.2,3.8,5.5,"68.1%",0,0,"0%",2.7,4,"66.3%",2.2,3.3,5.5,0.5,0.3,1.1,0.8,0.4,1.8,2.9,13.7
"22-09-2026 09:28:28",33,"009849","DORSEY, TYLER",29,"https://media-cdn.cortextech.io/1dU3kpCqReRp93/1BSdBWIjCjnONy/6faa6ab7-bfe2-4651-b381-c61e9da117fb.png","OLY","OLY","Olympiacos Piraeus","https://media-cdn.incrowdsports.com/789423ac-3cdf-4b89-b11c-b458aa5f59a6.png",43,42,25.1662790697674,15.9,2.7,5.2,"52%",2.5,6.4,"38.6%",3,3.7,"78.9%",0.5,1.8,2.3,2.6,0.7,1.9,0.1,0.5,1.9,3.6,13.7
"22-09-2026 09:28:28",34,"011226","DIALLO, ALPHA",28,"https://media-cdn.cortextech.io/62623d1f-4407-49ac-a0a8-5924cc103e8a.png","MCO","ASM","AS Monaco","https://media-cdn.incrowdsports.com/89ed276a-2ba3-413f-8ea2-b3be209ca129.png",42,42,27.9126984126984,11.9,3.4,5.8,"59.1%",1,3.3,"31.4%",2,2.5,"79.6%",1.5,2.9,4.4,1.4,1.4,1,0.5,0.6,2.4,3.3,13.6
"22-09-2026 09:28:28",35,"011217","TAYLOR, KAMERON",31,"https://media-cdn.cortextech.io/1dU3kpCqReRp93/1BSdBWIjCjnONy/3b0e8ccd-7ede-4942-9275-87284f367e54.png","PAM","VBC","Valencia Basket","https://media-cdn.cortextech.io/1dU3kpCqReRp93/1BSdBWIjChWbHL/bc3e00b2-fea4-40be-a7ec-1e633129bde3.png",40,32,24.0533333333333,11.8,2.8,4.7,"60.1%",1.4,3.8,"38.7%",1.8,2.1,"82.4%",1.1,3.4,4.4,2,0.9,1.5,0.3,0.3,2.1,2.6,13.6
"22-09-2026 09:28:28",36,"002100","DE COLO, NANDO",38,"https://media-cdn.cortextech.io/768e4710-28ed-4e85-b513-3b5f613b9eb2.png","ASV;ULK","ASV;FBB","LDLC ASVEL Villeurbanne;Fenerbahce Istanbul","https://media-cdn.incrowdsports.com/e33c6d1a-95ca-4dbc-b8cb-0201812104cc.png;https://media-cdn.cortextech.io/1dU3kpCqReRp93/1BSdBWIjCiezrk/aa39750a-6203-49ee-a87d-edd0c6f0397d.png",30,8,18.815,11.5,2,3.1,"63.4%",1.5,3.4,"43.1%",3.1,3.2,"97.9%",0.2,1.5,1.7,3.4,0.6,2,0,0.2,1.8,3.3,13.3
"22-09-2026 09:28:28",37,"009862","PUNTER, KEVIN",32,"https://media-cdn.cortextech.io/1dU3kpCqReRp93/1BSdBWIjCjnONz/675c5bac-7d19-44f6-944d-3c7373e09f3d.png","BAR","BAR","FC Barcelona","https://media-cdn.incrowdsports.com/35dfa503-e417-481f-963a-bdf6f013763e.png",39,39,27.1735042735043,14.8,2.9,6,"49.1%",2,4.9,"41.4%",2.8,3.3,"86.6%",0.4,1.4,1.8,2.6,1,1.7,0,0.4,1.7,3.3,13.3
"22-09-2026 09:28:28",38,"011981","JONES, TYRIQUE",28,"https://media-cdn.cortextech.io/1dU3kpCqReRp93/1BSdBWIjCjnONy/d4eeb2e8-2276-4d18-8ba5-1c4a7cbd6bc7.png","OLY;PAR","OLY;PAR","Olympiacos Piraeus;Partizan Mozzart Bet Belgrade","https://media-cdn.incrowdsports.com/789423ac-3cdf-4b89-b11c-b458aa5f59a6.png;https://media-cdn.incrowdsports.com/2681304e-77dd-4331-88b1-683078c0fb49.png",33,9,19.4171717171717,8.7,3.4,5,"67.3%",0,0,"0%",2,3,"66.3%",2,2.9,5,1.6,1.1,1.3,0.5,0.2,2.6,2.9,13.2
"22-09-2026 09:28:28",39,"007831","SHIELDS, SHAVON",31,"https://media-cdn.cortextech.io/1dU3kpCqReRp93/1BSdBWIjCjnONy/696f7e80-c1c7-41d6-a64c-c187bdd6ed4d.png","MIL","EA7","Armani Olimpia Milan","https://media-cdn.cortextech.io/1dU3kpCqReRp93/1BSdBWIjChWbHH/5c2f0ab6-f86a-4df0-b2f3-f9ab92f7267b.png",35,35,26.8971428571429,12.7,2.3,4.5,"51.9%",1.9,5.1,"37.4%",2.2,2.5,"87.6%",0.7,2.5,3.2,2.7,0.7,1.4,0.1,0.3,2,2.8,12.8
"22-09-2026 09:28:28",40,"008192","TUBELIS, AZUOLAS",23,"https://media-cdn.cortextech.io/1dU3kpCqReRp93/1BSdBWIjCjnONz/0f86bd76-5ed2-47f4-b8ef-0bc5a88238d8.png","ZAL","ZAL","Zalgiris Kaunas","https://media-cdn.incrowdsports.com/0aa09358-3847-4c4e-b228-3582ee4e536d.png",42,36,22.6936507936508,12.1,4.1,6.5,"63.4%",0.8,1.9,"40.5%",1.6,2.2,"71%",1.5,3,4.5,0.8,0.5,1.2,0.7,0.3,2.7,2.3,12.7
"22-09-2026 09:28:28",41,"004088","OSMAN, CEDI",30,"https://media-cdn.cortextech.io/1dU3kpCqReRp93/1BSdBWIjCjnOO0/73edf161-e304-4cb9-b37b-44cddefb6a27.png","PAN","PAO","Panathinaikos AKTOR Athens","https://media-cdn.incrowdsports.com/e3dff28a-9ec6-4faf-9d96-ecbc68f75780.png",39,34,27.308547008547,12.9,2.5,4.4,"55.8%",1.6,4.3,"38.1%",3,3.7,"81.9%",0.5,3,3.5,1.2,0.7,0.8,0.1,0.3,2.5,3.2,12.7
"22-09-2026 09:28:28",42,"000796","MIROTIC, NIKOLA",34,"https://media-cdn.cortextech.io/14a40cc3-7032-4b61-937f-fe2d2cd2001b.png","MCO","ASM","AS Monaco","https://media-cdn.incrowdsports.com/89ed276a-2ba3-413f-8ea2-b3be209ca129.png",31,8,19.0489247311828,11,2,3.6,"56.8%",1.5,3.8,"39.3%",2.5,3.1,"82.1%",1,3.3,4.3,1.4,0.7,0.7,0.3,0.2,2.4,2.6,12.7
"22-09-2026 09:28:28",43,"013403","WALKER IV, LONNIE",27,"https://media-cdn.cortextech.io/596dc864-a996-4d21-8131-ea85deb006b7.png","TEL","MTA","Maccabi Rapyd Tel Aviv","https://media-cdn.cortextech.io/1b533342-78f5-4932-b714-a7d80b5826b5.png",28,26,22.739880952381,15.2,2.2,4.9,"45.6%",2.4,6.9,"35.1%",3.5,4.6,"75.8%",0.2,2.3,2.5,2.2,0.8,1.6,0.2,0.3,1.9,3.7,12.6
"22-09-2026 09:28:28",44,"001926","SLOUKAS, KOSTAS",35,"https://media-cdn.cortextech.io/1dU3kpCqReRp93/1BSdBWIjCjnONz/f366b944-dbc4-4b06-984d-c6cad9800321.png","PAN","PAO","Panathinaikos AKTOR Athens","https://media-cdn.incrowdsports.com/e3dff28a-9ec6-4faf-9d96-ecbc68f75780.png",38,6,21.3285087719298,9.6,1.8,3.6,"48.6%",1.3,3.4,"37.5%",2.3,2.5,"90.5%",0.4,1.6,1.9,5.1,0.7,1.3,0.1,0.3,1.9,2.8,12.6
"22-09-2026 09:28:28",45,"014012","LEAF, TJ",28,"https://media-cdn.cortextech.io/1dU3kpCqReRp93/1BSdBWIjCjnOO0/edfbe4a4-e6d1-41ad-9638-d4638ba18adf.png","TEL","MTA","Maccabi Rapyd Tel Aviv","https://media-cdn.cortextech.io/1b533342-78f5-4932-b714-a7d80b5826b5.png",24,1,18.2048611111111,9.1,3.4,5.4,"63.1%",0.2,0.5,"41.7%",1.7,2,"85.1%",2,2.7,4.7,1.1,0.4,0.5,0.5,0.1,1.6,1.5,12.5
"22-09-2026 09:28:28",46,"014013","WATSON, GLYNN",28,"https://media-cdn.cortextech.io/8b123b47-d7a0-47ea-b91d-1514ef1e87b0.png","ASV","ASV","LDLC ASVEL Villeurbanne","https://media-cdn.incrowdsports.com/e33c6d1a-95ca-4dbc-b8cb-0201812104cc.png",30,21,25.5727777777778,14.2,2.9,5.9,"48.6%",2.1,5.1,"42.1%",2.1,2.5,"83.8%",0.4,2,2.4,3.1,0.9,1.4,0.1,0.3,2.7,2.7,12.5
"22-09-2026 09:28:28",47,"003108","HEZONJA, MARIO",30,"https://media-cdn.cortextech.io/c415b3ab-6a2d-4ff4-8504-5119fca3c9f6.png","MAD","RMB","Real Madrid","https://media-cdn.incrowdsports.com/371b0d9b-9250-4c09-bda7-0686cf024657.png",44,36,22.6113636363636,13.3,3.3,6.4,"52.1%",1.5,5,"30.6%",2.1,2.6,"80.5%",0.6,3.4,4,2.4,0.8,1.7,0,0.4,1.7,2.5,12.4
"22-09-2026 09:28:28",48,"012712","HERNANGOMEZ, JUANCHO",30,"https://media-cdn.cortextech.io/1dU3kpCqReRp93/1BSdBWIjCjnONz/9eb6f2b2-d265-4965-88bb-8ce2269e00ff.png","PAN","PAO","Panathinaikos AKTOR Athens","https://media-cdn.incrowdsports.com/e3dff28a-9ec6-4faf-9d96-ecbc68f75780.png",44,26,24.4632575757576,8,1.7,2.6,"65.5%",1.2,3.4,"36.2%",0.8,1.1,"75%",2.1,4.4,6.5,0.7,0.8,0.5,0.3,0.1,1.2,1.4,12.3
"22-09-2026 09:28:28",49,"012585","MORGAN, MATTHEW",28,"https://media-cdn.cortextech.io/0f6439c0-63e8-4e10-b141-3c464a1fd4cd.png","VIR","VIR","Virtus Bologna","https://media-cdn.cortextech.io/1dU3kpCqReRp93/1BSdBWIjCiezvk/a92d4c3b-9f9c-4163-8a10-bcf8fc15893e.png",34,2,19.9357843137255,13.5,2.1,3.5,"61%",1.8,5,"36.7%",3.8,4.1,"91.4%",0.2,1.4,1.6,2.2,0.3,1.5,0,0.6,1.7,3.3,12.2
"22-09-2026 09:28:28",50,"004132","THEIS, DANIEL",33,"https://media-cdn.cortextech.io/b5d71c9e-747c-45b6-9543-ac4fa79b35e2.png","MCO","ASM","AS Monaco","https://media-cdn.incrowdsports.com/89ed276a-2ba3-413f-8ea2-b3be209ca129.png",38,36,20.5241228070175,9.7,3.3,4.8,"69.2%",0.4,1.6,"27.1%",1.8,2.2,"80.7%",1.7,3.4,5,0.9,0.4,0.9,0.8,0.2,2.9,2.3,12.2
"22-09-2026 09:28:28",51,"004508","OBST, ANDREAS",29,"https://media-cdn.cortextech.io/1dU3kpCqReRp93/1BSdBWIjCjnONy/735bad25-9548-4914-ab3b-81729ee9d61c.png","MUN","BAY","FC Bayern Munich","https://media-cdn.incrowdsports.com/817b0e58-d595-4b09-ab0b-1e7cc26249ff.png",35,24,26.5866666666667,14.5,1.9,3.8,"48.9%",2.9,7.6,"37.8%",2.2,2.4,"89.4%",0.3,1.8,2.1,2,0.4,1.5,0.1,0.4,1,2.8,12
"22-09-2026 09:28:28",52,"010568","JONES, CHRIS",32,"https://media-cdn.cortextech.io/1dU3kpCqReRp93/1BSdBWIjCjnONz/2c65eadb-a044-456e-ba03-db9c4790c25d.png","HTA","HTA","Hapoel Tel Aviv","https://media-cdn.incrowdsports.com/cbb1c3ad-03d5-426a-b5ef-2832a4eee484.png",42,4,20.4527777777778,10,2.2,4.3,"51.9%",1.4,3.3,"42.3%",1.4,1.5,"87.7%",0.2,1.9,2,4.2,0.9,1.6,0,0.2,1.4,2.1,11.8
"22-09-2026 09:28:28",53,"011212","OKOBO, ELIE",28,"https://media-cdn.cortextech.io/1dU3kpCqReRp93/1BSdBWIjCjnONy/a55f9e28-d54a-439e-9333-6a685dd7d798.png","MCO","ASM","AS Monaco","https://media-cdn.incrowdsports.com/89ed276a-2ba3-413f-8ea2-b3be209ca129.png",42,18,25.5670634920635,11.2,2.9,6.1,"47.1%",1.2,3.6,"33.8%",1.8,2.2,"83.7%",0.2,2.2,2.4,4.9,0.9,1.6,0.1,0.1,2.4,2.3,11.7
"22-09-2026 09:28:28",54,"011196","HALL, DONTA",28,"https://media-cdn.cortextech.io/1dU3kpCqReRp93/1BSdBWIjCjnONy/ad2ae42b-2dcc-45ef-8b68-58484364d4af.png","OLY","OLY","Olympiacos Piraeus","https://media-cdn.incrowdsports.com/789423ac-3cdf-4b89-b11c-b458aa5f59a6.png",38,1,15.2605263157895,6.8,2.7,3.4,"77.1%",0,0,"0%",1.5,2,"76%",1.7,2.9,4.6,0.6,0.4,0.5,0.9,0.1,1.7,1.8,11.5
"22-09-2026 09:28:28",55,"012710","OSMANI, ERCAN",27,"https://media-cdn.cortextech.io/1dU3kpCqReRp93/1BSdBWIjCjnONz/c729041d-5c0b-41be-8118-be3d6ac73cb0.png","IST","EFS","Anadolu Efes Istanbul","https://media-cdn.cortextech.io/1dU3kpCqReRp93/1BSdBWIjCgOCxM/a844756c-a58d-4666-93b8-48f7337bc79d.png",36,34,24.4347222222222,10.9,3.1,5.4,"57.2%",1,2.5,"40.7%",1.6,2.1,"78.4%",1.2,3.4,4.6,1.3,0.5,2,0.2,0.3,2.4,2.8,11.4
"22-09-2026 09:28:28",56,"012593","ELLIS, QUINN",22,"https://media-cdn.cortextech.io/52c3b65f-2faf-4727-9931-a53b8607a412.png","MIL","EA7","Armani Olimpia Milan","https://media-cdn.cortextech.io/1dU3kpCqReRp93/1BSdBWIjChWbHH/5c2f0ab6-f86a-4df0-b2f3-f9ab92f7267b.png",36,31,25.3273148148148,8.2,2.3,4.4,"53.5%",0.6,1.7,"37.7%",1.6,2,"81.9%",0.9,2,2.9,4.5,0.8,1.7,0.1,0.2,2.2,2.4,11.3
"22-09-2026 09:28:28",57,"002580","MICIC, VASILIJE",31,"https://media-cdn.cortextech.io/2ae4c8f2-6d43-4c69-afe2-e5fb7b9d79f8.png","HTA","HTA","Hapoel Tel Aviv","https://media-cdn.incrowdsports.com/cbb1c3ad-03d5-426a-b5ef-2832a4eee484.png",40,38,24.0954166666667,11.5,2.3,4.3,"53.8%",1.6,5.1,"30.9%",2.1,2.4,"89.5%",0.2,2.6,2.8,4.2,0.9,2.6,0,0.6,2.6,3.4,11.2
"22-09-2026 09:28:28",58,"007027","MALEDON, THEO",24,"https://media-cdn.cortextech.io/1dU3kpCqReRp93/1BSdBWIjCjnONy/e8d4ca4d-ec7c-4c52-a066-a418b3560d55.png","MAD","RMB","Real Madrid","https://media-cdn.incrowdsports.com/371b0d9b-9250-4c09-bda7-0686cf024657.png",38,3,17.0144736842105,9.4,2.1,4,"52.3%",0.6,2,"32%",3.3,3.8,"86.9%",0.4,1.8,2.2,2.9,0.5,1.3,0.1,0.3,2,3.4,11.2
"22-09-2026 09:28:28",59,"004004","GUDURIC, MARKO",30,"https://media-cdn.cortextech.io/1dU3kpCqReRp93/1BSdBWIjCjnONy/afc60d0e-cb89-47a5-969c-95d4c14d883b.png","MIL","EA7","Armani Olimpia Milan","https://media-cdn.cortextech.io/1dU3kpCqReRp93/1BSdBWIjChWbHH/5c2f0ab6-f86a-4df0-b2f3-f9ab92f7267b.png",35,10,22.04,9.9,1.7,2.9,"57.8%",1.3,3.4,"38.3%",2.6,2.9,"90.2%",0.3,2.3,2.7,3.7,0.5,2.2,0,0.2,2.5,2.9,11.1
"22-09-2026 09:28:28",60,"008099","STRAZEL, MATTHEW",23,"https://media-cdn.cortextech.io/1dU3kpCqReRp93/1BSdBWIjCjnONz/d299652d-429d-4226-89d6-8286c61c0533.png","MCO","ASM","AS Monaco","https://media-cdn.incrowdsports.com/89ed276a-2ba3-413f-8ea2-b3be209ca129.png",43,21,24.3147286821705,9.2,1.5,2.9,"51.2%",1.3,3.5,"36%",2.4,2.9,"84%",0.4,1.6,1.9,3.9,0.8,1.7,0,0.1,2.1,3.3,11
"22-09-2026 09:28:28",61,"012720","BROWN, STERLING",30,"https://media-cdn.cortextech.io/1dU3kpCqReRp93/1BSdBWIjCjnONz/d3819345-099e-4a06-8c2a-399d94b9766e.png","PAR","PAR","Partizan Mozzart Bet Belgrade","https://media-cdn.incrowdsports.com/2681304e-77dd-4331-88b1-683078c0fb49.png",37,33,28.1328828828829,13.7,3,5.8,"51.6%",2.1,5.2,"39.2%",1.5,1.7,"90.5%",0.6,2.3,2.8,2.3,0.9,2,0.2,0.6,1.8,1.7,11
"22-09-2026 09:28:28",62,"010391","WEILER-BABB, NICK",30,"https://media-cdn.cortextech.io/e23682a9-5374-4706-b343-36f49f61236d.png","IST","EFS","Anadolu Efes Istanbul","https://media-cdn.cortextech.io/1dU3kpCqReRp93/1BSdBWIjCgOCxM/a844756c-a58d-4666-93b8-48f7337bc79d.png",37,36,28.7986486486486,7.7,1.1,2.2,"48.2%",1.4,3.8,"36.6%",1.3,1.8,"75.4%",0.8,2.6,3.4,4.8,1.2,1.6,0.1,0.1,2.7,2.2,11
"22-09-2026 09:28:28",63,"011987","EDWARDS, CARSEN",27,"https://media-cdn.cortextech.io/1dU3kpCqReRp93/1BSdBWIjCjnONz/bbb31a52-7c6a-4536-9039-9899b5c0f4f8.png","VIR","VIR","Virtus Bologna","https://media-cdn.cortextech.io/1dU3kpCqReRp93/1BSdBWIjCiezvk/a92d4c3b-9f9c-4163-8a10-bcf8fc15893e.png",36,35,25.4240740740741,17.3,3.8,8,"46.7%",2.5,7.8,"31.9%",2.3,2.9,"79.8%",0.3,1.9,2.2,2.3,0.9,2.6,0.1,1.1,1.8,3.8,11
"22-09-2026 09:28:28",64,"007982","WILLIAMS-GOSS, NIGEL",31,"https://media-cdn.cortextech.io/1dU3kpCqReRp93/1BSdBWIjCjnONz/9f214a9f-c921-4175-abe6-7099abffeb35.png","ZAL","ZAL","Zalgiris Kaunas","https://media-cdn.incrowdsports.com/0aa09358-3847-4c4e-b228-3582ee4e536d.png",31,29,24.0623655913978,11.5,3.5,7.3,"48.7%",1,2.5,"38.5%",1.5,2,"78.7%",0.4,2,2.4,3.9,0.9,1.5,0.1,0.5,2.2,2,11
"22-09-2026 09:28:28",65,"012738","REUVERS, NATHAN",27,"https://media-cdn.cortextech.io/1dU3kpCqReRp93/1BSdBWIjCjnONy/8a3e5dbd-9539-4d4e-96f9-dc0c78f20665.png","PAM","VBC","Valencia Basket","https://media-cdn.cortextech.io/1dU3kpCqReRp93/1BSdBWIjChWbHL/bc3e00b2-fea4-40be-a7ec-1e633129bde3.png",44,19,19.0568181818182,10.4,2.6,3.6,"73%",1.2,2.8,"41.5%",1.6,2.5,"66.7%",1.1,2.2,3.3,0.4,0.5,0.7,0.7,0.1,2.5,2.3,11
"22-09-2026 09:28:28",66,"002939","SATORANSKY, TOMAS",34,"https://media-cdn.cortextech.io/8bc8bebe-90c0-4d43-8340-2210a16a5d1f.png","BAR","BAR","FC Barcelona","https://media-cdn.incrowdsports.com/35dfa503-e417-481f-963a-bdf6f013763e.png",37,34,24.9117117117117,7,1.2,2.4,"49.4%",1.2,2.5,"48.9%",0.9,1.2,"73.3%",0.8,2.5,3.4,4.3,0.7,1.4,0.1,0.2,1.9,1.8,10.9
"22-09-2026 09:28:28",67,"012687","NIANG, SALIOU",21,"https://media-cdn.cortextech.io/47b8b387-3dc3-4bd2-8df8-fc983bb1ea94.png","VIR","VIR","Virtus Bologna","https://media-cdn.cortextech.io/1dU3kpCqReRp93/1BSdBWIjCiezvk/a92d4c3b-9f9c-4163-8a10-bcf8fc15893e.png",38,13,21.6456140350877,7.1,2.7,4.2,"65.2%",0.1,0.3,"33.3%",1.3,1.7,"79.4%",2,3,5,1.9,0.9,1.4,0.4,0.2,2.4,1.8,10.9
"22-09-2026 09:28:28",68,"014152","SIMMONS, KOBI",28,"https://media-cdn.cortextech.io/1dU3kpCqReRp93/1BSdBWIjCjnONy/b17aec54-7bd1-42a5-8b4c-c978b681473b.png","BAS","KBA","Baskonia Vitoria-Gasteiz","https://media-cdn.cortextech.io/cbc49cb0-99ce-4462-bdb7-56983ee03cf4.png",31,17,22.1774193548387,11.1,3,4.7,"64.1%",0.9,3.3,"28.7%",2.3,2.5,"90.9%",0.2,1.1,1.3,3,0.7,1.5,0.1,0.2,2.3,2.8,10.8
"22-09-2026 09:28:28",69,"014163","BUTLER, JARED",25,"https://media-cdn.cortextech.io/1dU3kpCqReRp93/1BSdBWIjCjnONz/df3943a2-33b5-43e8-9922-bc85f4c4c84e.png","RED","CZV","Crvena Zvezda Meridianbet Belgrade","https://media-cdn.incrowdsports.com/d2eef4a8-62df-4fdd-9076-276004268515.png",32,4,20.0046875,13.4,2.9,5.6,"51.4%",2,5.4,"36.4%",1.8,2.2,"81.2%",0.6,1.6,2.2,3.7,0.7,1.9,0.1,0.4,2.6,2.3,10.8
"22-09-2026 09:28:28",70,"009754","LOYD, JORDAN",32,"https://media-cdn.cortextech.io/1dU3kpCqReRp93/1BSdBWIjCjnONz/e404b8ed-9a3b-480e-8b3f-ce49905188b5.png","IST","EFS","Anadolu Efes Istanbul","https://media-cdn.cortextech.io/1dU3kpCqReRp93/1BSdBWIjCgOCxM/a844756c-a58d-4666-93b8-48f7337bc79d.png",34,18,23.4735294117647,11.4,1.9,4,"47.1%",1.6,4.6,"34.6%",2.9,3.3,"85.8%",0.6,1.9,2.5,1.9,0.6,1.2,0.1,0.3,2.4,3.9,10.8
"22-09-2026 09:28:28",71,"001288","LUCIC, VLADIMIR",36,"https://media-cdn.cortextech.io/1dU3kpCqReRp93/1BSdBWIjCjnONy/97200fba-aa27-4309-bc62-88c7a1688fa1.png","MUN","BAY","FC Bayern Munich","https://media-cdn.incrowdsports.com/817b0e58-d595-4b09-ab0b-1e7cc26249ff.png",33,33,23.170202020202,8,1.8,3.2,"56.2%",0.8,2.4,"34.6%",2,2.3,"86.8%",0.8,3,3.8,1.5,0.5,0.8,0.1,0.2,1.9,3,10.7
"22-09-2026 09:28:28",72,"008985","BOLMARO, LEANDRO",25,"https://media-cdn.cortextech.io/1dU3kpCqReRp93/1BSdBWIjCjnONy/407d3664-5298-4677-bba8-fd4b8fee4928.png","MIL","EA7","Armani Olimpia Milan","https://media-cdn.cortextech.io/1dU3kpCqReRp93/1BSdBWIjChWbHH/5c2f0ab6-f86a-4df0-b2f3-f9ab92f7267b.png",29,18,22.6028735632184,9.8,2.9,6,"48.9%",0.7,1.7,"39.6%",2,2.5,"80.6%",0.9,2.5,3.4,2.9,0.7,1.4,0.1,0.4,2.4,2.6,10.7
"22-09-2026 09:28:28",73,"011231","BLOSSOMGAME, JARON",32,"https://media-cdn.cortextech.io/1dU3kpCqReRp93/1BSdBWIjCjnONy/fd29e0ea-12f6-4c03-947e-3f72b48e0db3.png","MCO","ASM","AS Monaco","https://media-cdn.incrowdsports.com/89ed276a-2ba3-413f-8ea2-b3be209ca129.png",43,35,23.715503875969,9.8,3,4.5,"67.2%",0.8,2.6,"31.8%",1.4,2.1,"65.2%",1.3,2.9,4.2,0.8,0.3,0.7,0.1,0.1,2,2.1,10.5
"22-09-2026 09:28:28",74,"013384","BROOKS, ARMONI",27,"https://media-cdn.cortextech.io/1dU3kpCqReRp93/1BSdBWIjCjnONy/5d219537-9bfc-443e-a3a7-cb8cb997c849.png","MIL","EA7","Armani Olimpia Milan","https://media-cdn.cortextech.io/1dU3kpCqReRp93/1BSdBWIjChWbHH/5c2f0ab6-f86a-4df0-b2f3-f9ab92f7267b.png",38,13,22.5429824561404,13.1,1.9,3.8,"51.4%",2.7,6.4,"41.6%",1.1,1.3,"82.4%",0.7,2.8,3.5,1.4,0.6,0.9,0.3,0.4,2.4,1.3,10.5
"22-09-2026 09:28:28",75,"013402","BLAKENEY, ANTONIO",29,"https://media-cdn.cortextech.io/ea09b983-45e0-4140-a486-085bfe2cc4f6.png","HTA","HTA","Hapoel Tel Aviv","https://media-cdn.incrowdsports.com/cbb1c3ad-03d5-426a-b5ef-2832a4eee484.png",41,3,22.6682926829268,13.2,2.2,4.2,"53.8%",2.2,5.5,"40%",2.1,2.5,"84.5%",0.5,1.8,2.3,1,0.4,1,0.3,0.5,1.3,1.9,10.5
"22-09-2026 09:28:28",76,"013374","DIOUF, MOUHAMET",24,"https://media-cdn.cortextech.io/1dU3kpCqReRp93/1BSdBWIjCjnONz/44fceb26-24ea-4de5-b66b-724b5e569867.png","VIR","VIR","Virtus Bologna","https://media-cdn.cortextech.io/1dU3kpCqReRp93/1BSdBWIjCiezvk/a92d4c3b-9f9c-4163-8a10-bcf8fc15893e.png",33,19,18.5348484848485,8,3.2,5.3,"59.8%",0,0,"0%",1.7,2.3,"74.7%",1.8,2.4,4.2,1.2,0.5,1.5,0.7,0.3,2.3,2.6,10.5
"22-09-2026 09:28:28",77,"014127","BRISSETT, O'SHAE J",27,"https://media-cdn.cortextech.io/0490793f-09f7-42be-b351-2cd6543d1613.png","TEL","MTA","Maccabi Rapyd Tel Aviv","https://media-cdn.cortextech.io/1b533342-78f5-4932-b714-a7d80b5826b5.png",36,20,24.5884259259259,8.7,1.9,3.6,"51.9%",0.9,2.8,"32%",2.3,2.8,"82.4%",1.8,3.3,5.1,0.8,0.9,0.9,0.3,0,2.8,2.5,10.4
"22-09-2026 09:28:28",78,"014029","IZUNDU, EBUKA",29,"https://media-cdn.cortextech.io/1dU3kpCqReRp93/1BSdBWIjCjnONz/edc21d49-0112-45b4-b4ab-e5496c5c1600.png","RED","CZV","Crvena Zvezda Meridianbet Belgrade","https://media-cdn.incrowdsports.com/d2eef4a8-62df-4fdd-9076-276004268515.png",33,1,14.389898989899,8,3.2,4.5,"71.3%",0,0,"0%",1.5,1.9,"76.6%",2.4,1.8,4.2,0.4,0.4,0.6,0.5,0.1,2.6,1.8,10.3
"22-09-2026 09:28:28",79,"012731","NDIAYE, MBAYE",26,"https://media-cdn.cortextech.io/1dU3kpCqReRp93/1BSdBWIjCjnONy/df9f4f8d-6000-4fe4-a5fe-b463326723c4.png","ASV","ASV","LDLC ASVEL Villeurbanne","https://media-cdn.incrowdsports.com/e33c6d1a-95ca-4dbc-b8cb-0201812104cc.png",32,10,23.65,7.7,2.7,3.8,"69.7%",0.4,2.2,"18.1%",1.2,2.1,"55.2%",1.7,3.1,4.8,1.2,1.2,1.4,1.4,0.1,2.2,1.5,10.2
"22-09-2026 09:28:28",80,"014027","DIAKITE, MAMADI",28,"https://media-cdn.cortextech.io/1dU3kpCqReRp93/1BSdBWIjCjnONy/56f6929b-4dc8-4b27-8241-52186ffe2f52.png","BAS","KBA","Baskonia Vitoria-Gasteiz","https://media-cdn.cortextech.io/cbc49cb0-99ce-4462-bdb7-56983ee03cf4.png",37,14,19.2774774774775,8.4,2.5,3.8,"66.2%",0.7,2.1,"33.8%",1.3,1.6,"83.1%",1.4,2.8,4.2,1.1,0.7,1.5,1.2,0.2,2.7,1.8,10.1
"22-09-2026 09:28:28",81,"002849","MELLI, NICOLO",34,"https://media-cdn.cortextech.io/1dU3kpCqReRp93/1BSdBWIjCjnONy/fbee5e3e-f8f5-4393-827b-4a3ddefeaa88.png","ULK","FBB","Fenerbahce Istanbul","https://media-cdn.cortextech.io/1dU3kpCqReRp93/1BSdBWIjCiezrk/aa39750a-6203-49ee-a87d-edd0c6f0397d.png",35,26,23.7471428571429,7.2,1.4,2.7,"53.2%",1.3,3.1,"42.1%",0.5,0.8,"55.2%",1.5,4.2,5.6,1.6,0.8,1.3,0.5,0.1,2.7,2.1,10.1
"22-09-2026 09:28:28",82,"007947","VILDOZA, LUCA",30,"https://media-cdn.cortextech.io/1dU3kpCqReRp93/1BSdBWIjCjnONz/8cabc4e6-be71-4962-9876-f7beda50343f.png","VIR","VIR","Virtus Bologna","https://media-cdn.cortextech.io/1dU3kpCqReRp93/1BSdBWIjCiezvk/a92d4c3b-9f9c-4163-8a10-bcf8fc15893e.png",31,19,21.2784946236559,7.6,1.6,2.7,"57.6%",1.2,3.3,"35%",0.9,1.1,"82.9%",0.4,1.8,2.2,4.4,1.4,1.5,0,0.3,2.1,1.7,9.9
"22-09-2026 09:28:28",83,"011078","THOMPSON, DARIUS",30,"https://media-cdn.cortextech.io/1dU3kpCqReRp93/1BSdBWIjCjnONy/cd27e6f7-5e0b-45ac-a3e9-6f2c60adb886.png","PAM","VBC","Valencia Basket","https://media-cdn.cortextech.io/1dU3kpCqReRp93/1BSdBWIjChWbHL/bc3e00b2-fea4-40be-a7ec-1e633129bde3.png",44,20,18.8329545454545,9,1.7,3.1,"55.6%",1.5,3.8,"40.2%",0.9,1.1,"85.4%",0.8,1,1.9,3.1,1,1,0.3,0.1,1.7,1.3,9.9
"22-09-2026 09:28:28",84,"013667","FERNANDO, BRUNO",27,"https://media-cdn.cortextech.io/1dU3kpCqReRp93/1BSdBWIjCjnONz/fc41fa87-3375-43b6-9a1d-f3778bc9f371.png","PAR;MAD","PAR;RMB","Partizan Mozzart Bet Belgrade;Real Madrid","https://media-cdn.incrowdsports.com/2681304e-77dd-4331-88b1-683078c0fb49.png;https://media-cdn.incrowdsports.com/371b0d9b-9250-4c09-bda7-0686cf024657.png",37,22,17.3166666666667,7.8,3,4.8,"63.1%",0,0.1,"50%",1.8,2.4,"73.9%",1.6,2.7,4.3,0.7,0.5,1.6,0.5,0.1,2.6,2.6,9.8
"22-09-2026 09:28:28",85,"007056","BOOKER, DEVIN",34,"https://media-cdn.cortextech.io/1dU3kpCqReRp93/1BSdBWIjCjnONy/bac6b071-e029-470a-b5fa-4cb66d11eef7.png","MIL","EA7","Armani Olimpia Milan","https://media-cdn.cortextech.io/1dU3kpCqReRp93/1BSdBWIjChWbHH/5c2f0ab6-f86a-4df0-b2f3-f9ab92f7267b.png",36,23,19.9518518518519,8.2,2.5,4.4,"57.2%",0.4,1.6,"28.6%",1.8,2.4,"75.9%",1.5,2.1,3.5,0.9,0.3,0.9,0.1,0.2,1.9,3.1,9.6
"22-09-2026 09:28:28",86,"007527","BADIO, BRANCOU",26,"https://media-cdn.cortextech.io/1dU3kpCqReRp93/1BSdBWIjCjnONz/b1cbb8a2-0a79-41ff-ad4b-1f1b1feeb615.png","PAM","VBC","Valencia Basket","https://media-cdn.cortextech.io/1dU3kpCqReRp93/1BSdBWIjChWbHL/bc3e00b2-fea4-40be-a7ec-1e633129bde3.png",40,23,20.4958333333333,11.2,2.1,3.9,"54.8%",1.8,5.3,"33.6%",1.6,1.8,"86.3%",0.8,1.8,2.6,2.2,0.6,1.6,0.2,0.2,2.1,2.2,9.6
"22-09-2026 09:28:28",87,"008855","WALKUP, THOMAS",33,"https://media-cdn.cortextech.io/1dU3kpCqReRp93/1BSdBWIjCjnONy/6b597c1d-5917-47f4-84ea-e4a857dc4555.png","OLY","OLY","Olympiacos Piraeus","https://media-cdn.incrowdsports.com/789423ac-3cdf-4b89-b11c-b458aa5f59a6.png",37,37,24.0216216216216,5.3,0.9,1.9,"47.2%",1,2.6,"36.7%",0.5,0.7,"76.9%",0.6,2,2.6,5.7,0.9,1.5,0,0.1,2.4,1.8,9.5
"22-09-2026 09:28:28",88,"000925","VESELY, JAN",35,"https://media-cdn.cortextech.io/7dff7151-19e6-44b3-ab0c-214861899ad0.png","BAR","BAR","FC Barcelona","https://media-cdn.incrowdsports.com/35dfa503-e417-481f-963a-bdf6f013763e.png",38,24,21.1644736842105,8.7,3.5,6.1,"58.3%",0.3,0.9,"29.4%",0.9,1.2,"77.3%",1.3,2.1,3.3,1.4,0.9,0.8,0.2,0.1,2.3,1.5,9.4
"22-09-2026 09:28:28",89,"010393","PRADILLA, JAIME",24,"https://media-cdn.cortextech.io/1dU3kpCqReRp93/1BSdBWIjCjnONy/b0854c40-4237-4e52-abd4-e3a4e485284f.png","PAM","VBC","Valencia Basket","https://media-cdn.cortextech.io/1dU3kpCqReRp93/1BSdBWIjChWbHL/bc3e00b2-fea4-40be-a7ec-1e633129bde3.png",44,32,19.5079545454545,6.8,2.1,3.2,"64.1%",0.7,2,"35.6%",0.5,0.6,"74.1%",1.3,2.8,4.1,1.9,0.6,1.3,0.1,0.2,1.5,1.4,9.3
"22-09-2026 09:28:28",90,"011836","MIKE, ISIAHA",28,"https://media-cdn.cortextech.io/1dU3kpCqReRp93/1BSdBWIjCjnOS1/92698c1a-11ac-4929-9ec6-801376f1b07a.png","MUN","BAY","FC Bayern Munich","https://media-cdn.incrowdsports.com/817b0e58-d595-4b09-ab0b-1e7cc26249ff.png",37,25,22.3833333333333,9.6,2.3,4.7,"49.7%",1.4,3.3,"41.8%",0.8,1.1,"72.5%",0.9,3,3.9,1.5,0.8,1.1,0.4,0.2,2.9,1.9,9.2
"22-09-2026 09:28:28",91,"KLT","HEURTEL, THOMAS",36,"https://media-cdn.cortextech.io/738f1c5e-08d0-477c-9c7c-1a304fef6319.png","ASV","ASV","LDLC ASVEL Villeurbanne","https://media-cdn.incrowdsports.com/e33c6d1a-95ca-4dbc-b8cb-0201812104cc.png",25,6,19.4693333333333,9.2,2,4.5,"45.5%",1.2,3.2,"37%",1.5,1.8,"80.4%",0.1,1.4,1.5,5.4,0.5,2.7,0,0.2,1.5,1.8,9
"22-09-2026 09:28:28",92,"013380","FOURNIER, EVAN",33,"https://media-cdn.cortextech.io/1dU3kpCqReRp93/1BSdBWIjCjnONy/8294e767-cda1-4ff8-baf4-92ecdd9a919d.png","OLY","OLY","Olympiacos Piraeus","https://media-cdn.incrowdsports.com/789423ac-3cdf-4b89-b11c-b458aa5f59a6.png",39,9,21.9346153846154,11.6,1.7,3.6,"46.8%",2.2,6.1,"36.9%",1.6,2,"80.8%",0.4,1.6,2.1,2.9,0.8,1.7,0.1,0.3,2.1,1.7,9
"22-09-2026 09:28:28",93,"013371","HARRISON, SHAQUILLE",32,"https://media-cdn.cortextech.io/3b994fa6-5da8-4559-ac9a-6c6400e3fd99.png","ASV","ASV","LDLC ASVEL Villeurbanne","https://media-cdn.incrowdsports.com/e33c6d1a-95ca-4dbc-b8cb-0201812104cc.png",29,18,18.9183908045977,7.8,2.4,4.7,"51.1%",0.5,1.7,"28%",1.5,2.3,"63.2%",0.7,2.1,2.7,2,1.3,1.1,0.1,0.2,1.5,2.2,8.9
"22-09-2026 09:28:28",94,"011193","BLATT, TAMIR",28,"https://media-cdn.cortextech.io/780f9309-2c9f-4a43-be7f-9f7a7182d133.png","TEL","MTA","Maccabi Rapyd Tel Aviv","https://media-cdn.cortextech.io/1b533342-78f5-4932-b714-a7d80b5826b5.png",38,15,19.4298245614035,7.1,0.4,1.1,"40.5%",1.8,4.8,"38.5%",0.7,0.9,"76.5%",0.3,1.6,1.8,5.2,0.3,2.3,0,0.1,0.8,1.4,8.8
"22-09-2026 09:28:28",95,"009005","DECK, GABRIEL",30,"https://media-cdn.cortextech.io/1dU3kpCqReRp93/1BSdBWIjCjnONy/4f3c13be-3d8d-4479-a430-26600d2aaf76.png","MAD","RMB","Real Madrid","https://media-cdn.incrowdsports.com/371b0d9b-9250-4c09-bda7-0686cf024657.png",41,8,20.4032520325203,7.1,2,3,"66.9%",0.6,1.7,"33.8%",1.3,1.5,"82.5%",1,2.5,3.5,1.2,0.4,0.8,0,0.2,1.7,1.6,8.7
"22-09-2026 09:28:28",96,"014005","ALSTON JR. , DERRICK",28,"https://media-cdn.cortextech.io/1dU3kpCqReRp93/1BSdBWIjCjnONz/3351b25e-52eb-478a-ad83-0e1a659b6337.png","VIR","VIR","Virtus Bologna","https://media-cdn.cortextech.io/1dU3kpCqReRp93/1BSdBWIjCiezvk/a92d4c3b-9f9c-4163-8a10-bcf8fc15893e.png",37,28,22.4306306306306,10,1.8,3.7,"47.1%",1.6,3.6,"44.7%",1.7,1.9,"90.1%",0.6,2.1,2.6,1.4,0.5,1.2,0.1,0.4,2.1,1.7,8.7
"22-09-2026 09:28:28",97,"009783","COLSON, BONZIE",29,"https://media-cdn.cortextech.io/3fa1da27-0721-4274-9d43-26910bec0f2d.png","ULK","FBB","Fenerbahce Istanbul","https://media-cdn.cortextech.io/1dU3kpCqReRp93/1BSdBWIjCiezrk/aa39750a-6203-49ee-a87d-edd0c6f0397d.png",40,14,16.8733333333333,7.1,1.2,2.3,"49.5%",1.2,2.5,"48.5%",1.1,1.2,"89.8%",0.8,2.2,3,0.8,0.6,0.5,0.4,0.1,1.2,1.3,8.7
"22-09-2026 09:28:28",98,"009549","CORDINIER, ISAIA",29,"https://media-cdn.cortextech.io/1dU3kpCqReRp93/1BSdBWIjCjnONz/faf1dbe4-c23a-4b7a-8175-72d536d41d52.png","IST","EFS","Anadolu Efes Istanbul","https://media-cdn.cortextech.io/1dU3kpCqReRp93/1BSdBWIjCgOCxM/a844756c-a58d-4666-93b8-48f7337bc79d.png",30,20,24.2038888888889,9.4,2.1,3.9,"54.3%",1,3.5,"29.5%",2.1,2.5,"84%",0.6,2.2,2.8,1.9,0.8,1.5,0.2,0.3,2.5,2.4,8.7
"22-09-2026 09:28:28",99,"014010","DOKOSSI, ALLAN",26,"https://media-cdn.cortextech.io/1dU3kpCqReRp93/1BSdBWIjCjnONz/33d6b1bb-2e42-42de-98e3-c02c475d36d1.png","PRS","PBB","Paris Basketball","https://media-cdn.incrowdsports.com/a033e5b3-0de7-48a3-98d9-d9a4b9df1f39.png",34,14,16.1745098039216,5,2.2,3.1,"71.7%",0,0,"0%",0.5,1.3,"40.9%",2,3.5,5.5,1.6,1.2,1.8,0.1,0.2,2.4,1.3,8.6
"22-09-2026 09:28:28",100,"013699","CLARK III, JIMMY",24,"https://media-cdn.cortextech.io/fc0e527c-4d5c-479e-a067-3701084cf554.png","TEL","MTA","Maccabi Rapyd Tel Aviv","https://media-cdn.cortextech.io/1b533342-78f5-4932-b714-a7d80b5826b5.png",37,24,19.7193693693694,9.5,2.4,4.7,"50.3%",1.2,3.9,"30.8%",1.2,1.5,"80%",0.6,1.2,1.8,4.3,1.3,2,0.1,0.2,2.6,1.7,8.6
"22-09-2026 09:28:28",101,"012609","MALCOLM, COLLIN",28,"https://media-cdn.cortextech.io/1dU3kpCqReRp93/1BSdBWIjCjnONz/cf5b29e9-6800-41cf-91d0-caf5ef30e20f.png","HTA","HTA","Hapoel Tel Aviv","https://media-cdn.incrowdsports.com/cbb1c3ad-03d5-426a-b5ef-2832a4eee484.png",40,32,24.8895833333333,6.8,1.7,3,"56.7%",0.9,2.1,"41.7%",0.8,1,"75.6%",0.9,2.6,3.6,1,0.8,0.5,0.4,0.2,1.8,1.3,8.5
"22-09-2026 09:28:28",102,"008829","PETERS, ALEC",30,"https://media-cdn.cortextech.io/1dU3kpCqReRp93/1BSdBWIjCjnONy/246ecdad-02e8-4cd5-8fe2-4d2cc3a57d3d.png","OLY","OLY","Olympiacos Piraeus","https://media-cdn.incrowdsports.com/789423ac-3cdf-4b89-b11c-b458aa5f59a6.png",43,4,15.1841085271318,7.5,1.6,2.3,"67%",1,2.3,"41.8%",1.5,1.8,"83.5%",0.6,2.3,2.8,1,0.5,0.8,0,0.1,1.9,1.8,8.5
"22-09-2026 09:28:28",103,"011205","HALL, DEVON",30,"https://media-cdn.cortextech.io/1dU3kpCqReRp93/1BSdBWIjCjnONy/f1f593da-33f7-4d2f-a4f7-7b8ec129e4ad.png","ULK","FBB","Fenerbahce Istanbul","https://media-cdn.cortextech.io/1dU3kpCqReRp93/1BSdBWIjCiezrk/aa39750a-6203-49ee-a87d-edd0c6f0397d.png",35,34,25.252380952381,8.3,1.9,3.7,"53.1%",0.9,3.1,"29.1%",1.7,2,"84.5%",1.1,1.8,2.9,2.6,0.5,1.9,0.1,0.1,2.3,2.7,8.4
"22-09-2026 09:28:28",104,"006961","BIBEROVIC, TARIK",24,"https://media-cdn.cortextech.io/f62a393b-7a2e-4ba8-a90f-8f7b1d56570c.png","ULK","FBB","Fenerbahce Istanbul","https://media-cdn.cortextech.io/1dU3kpCqReRp93/1BSdBWIjCiezrk/aa39750a-6203-49ee-a87d-edd0c6f0397d.png",41,36,24.3365853658537,11.3,1.8,3.5,"52.4%",2.2,5.3,"41.9%",1,1,"95.2%",0.6,2.4,3,1.3,0.4,1.3,0.1,0.2,2.1,0.7,8.3
"22-09-2026 09:28:28",105,"011204","GRANT, JERIAN",33,"https://media-cdn.cortextech.io/1dU3kpCqReRp93/1BSdBWIjCjnOS1/4cc9a8ca-6edf-4914-a69e-78e845899b7c.png","PAN","PAO","Panathinaikos AKTOR Athens","https://media-cdn.incrowdsports.com/e3dff28a-9ec6-4faf-9d96-ecbc68f75780.png",42,31,23.6496031746032,6.9,1.8,3.5,"51.7%",0.8,2.2,"34.4%",1,1.3,"81.5%",0.5,1.2,1.7,3.5,1.1,1,0,0.1,2.4,1.9,8.3
"22-09-2026 09:28:28",106,"011157","MOTLEY, JOHNATHAN",30,"https://media-cdn.cortextech.io/0a172ed5-656d-4894-811a-8794788bf5f2.png","HTA","HTA","Hapoel Tel Aviv","https://media-cdn.incrowdsports.com/cbb1c3ad-03d5-426a-b5ef-2832a4eee484.png",35,6,14.6395238095238,8.3,2.5,3.8,"65.4%",0.6,1.2,"48.8%",1.6,2.2,"72.7%",0.7,1.6,2.4,0.9,0.3,1.1,0.2,0.2,2.3,2.3,8.1
"22-09-2026 09:28:28",107,"014178","RHODEN, JARED",26,"https://media-cdn.cortextech.io/1dU3kpCqReRp93/1BSdBWIjCjnONz/7934ce9d-4a65-4f45-bc46-e22eb56660bc.png","PRS","PBB","Paris Basketball","https://media-cdn.incrowdsports.com/a033e5b3-0de7-48a3-98d9-d9a4b9df1f39.png",26,22,21.3326923076923,11.1,2.2,4.4,"49.6%",1.8,4.5,"39%",1.4,1.8,"78.3%",0.8,2.2,2.9,1.2,1,1.9,0.4,0.5,2.5,1.8,8
"22-09-2026 09:28:28",108,"009664","WILLIS, DEREK",30,"https://media-cdn.cortextech.io/1dU3kpCqReRp93/1BSdBWIjCjnONz/fff78d8f-32e7-48f7-a9c8-f56e536b4c85.png","PRS","PBB","Paris Basketball","https://media-cdn.incrowdsports.com/a033e5b3-0de7-48a3-98d9-d9a4b9df1f39.png",28,7,16.2202380952381,5.8,1.2,2.1,"55%",0.9,2.3,"36.9%",0.9,1.1,"80.6%",1.2,2.6,3.9,1.2,0.4,0.5,0.4,0.2,1.5,1.1,8
"22-09-2026 09:28:28",109,"013389","LEE, SABEN",26,"https://media-cdn.cortextech.io/1dU3kpCqReRp93/1BSdBWIjCjnONz/1d48d694-eec0-4af9-b788-6b3aaa8d12bf.png","OLY;IST","OLY;EFS","Olympiacos Piraeus;Anadolu Efes Istanbul","https://media-cdn.incrowdsports.com/789423ac-3cdf-4b89-b11c-b458aa5f59a6.png;https://media-cdn.cortextech.io/1dU3kpCqReRp93/1BSdBWIjCgOCxM/a844756c-a58d-4666-93b8-48f7337bc79d.png",27,3,16.7827160493827,8,2,3.7,"53%",0.6,2,"29.6%",2.3,3.1,"75.9%",0.2,0.9,1.1,2.4,0.7,1.2,0,0.3,1.3,2.5,8
"22-09-2026 09:28:28",110,"014006","OKEKE, CHUMA",27,"https://media-cdn.cortextech.io/1dU3kpCqReRp93/1BSdBWIjCjnONy/7d642b8d-30f6-47b5-a576-f0c3a94c3a5f.png","MAD","RMB","Real Madrid","https://media-cdn.incrowdsports.com/371b0d9b-9250-4c09-bda7-0686cf024657.png",43,32,17.9058139534884,5.6,1,1.5,"64.1%",1.1,3,"38.6%",0.3,0.4,"68.4%",1.5,2.4,3.9,0.8,0.6,0.3,0.5,0.1,1,0.5,8
"22-09-2026 09:28:28",111,"012608","SHORTS, TJ",28,"https://media-cdn.cortextech.io/1dU3kpCqReRp93/1BSdBWIjCjnONy/9fa5bf1b-8cb1-4875-8ac7-42ec4173ec8b.png","PAN","PAO","Panathinaikos AKTOR Athens","https://media-cdn.incrowdsports.com/e3dff28a-9ec6-4faf-9d96-ecbc68f75780.png",43,17,16.1073643410853,8.1,2.8,5.8,"48.6%",0.3,1.1,"29.2%",1.5,2.1,"71.7%",0.1,1.2,1.3,2.9,0.6,1,0,0.4,1.5,2.2,7.9
"22-09-2026 09:28:28",112,"013290","JESSUP, JUSTINIAN",27,"https://media-cdn.cortextech.io/1dU3kpCqReRp93/1BSdBWIjCjnONy/ca7c1847-03d2-4271-a334-84de89bcd58d.png","MUN","BAY","FC Bayern Munich","https://media-cdn.incrowdsports.com/817b0e58-d595-4b09-ab0b-1e7cc26249ff.png",37,3,19.3225225225225,8.2,1.6,2.5,"62.8%",1.4,3.7,"38%",0.8,0.8,"96.8%",0.6,1.8,2.4,1.4,0.8,0.6,0.2,0.1,1.8,0.7,7.9
"22-09-2026 09:28:28",113,"011982","OJELEYE, SEMI",31,"https://media-cdn.cortextech.io/1dU3kpCqReRp93/1BSdBWIjCjnONz/734ca587-f81e-4974-985f-3857a1a66bf8.png","RED","CZV","Crvena Zvezda Meridianbet Belgrade","https://media-cdn.incrowdsports.com/d2eef4a8-62df-4fdd-9076-276004268515.png",39,2,22.9277777777778,7.2,1.7,3.3,"53.5%",0.7,2.1,"35.8%",1.5,2,"75.6%",1.7,1.8,3.6,0.8,0.5,0.7,0.4,0.3,1.9,1.7,7.8
"22-09-2026 09:28:28",114,"012610","WARD, TYSON",28,"https://media-cdn.cortextech.io/1dU3kpCqReRp93/1BSdBWIjCjnONy/d47af427-fc27-4cdd-9e0a-139476098ec6.png","OLY","OLY","Olympiacos Piraeus","https://media-cdn.incrowdsports.com/789423ac-3cdf-4b89-b11c-b458aa5f59a6.png",35,14,19.0890476190476,7.1,1.9,3.4,"56.7%",0.5,2.1,"26.4%",1.5,2.3,"68.4%",0.7,2.2,2.9,2.3,0.5,1.1,0.1,0.3,2.4,2.3,7.8
"22-09-2026 09:28:28",115,"014115","MOORE, OMARI",25,"https://media-cdn.cortextech.io/1dU3kpCqReRp93/1BSdBWIjCjnONy/68732c89-3262-41af-abe0-0798fbb5f77f.png","PAM","VBC","Valencia Basket","https://media-cdn.cortextech.io/1dU3kpCqReRp93/1BSdBWIjChWbHL/bc3e00b2-fea4-40be-a7ec-1e633129bde3.png",43,16,17.2515503875969,7.5,2,4,"51.8%",0.7,2.3,"32%",1.3,1.7,"73%",0.7,1.3,2.1,2.9,0.5,1.4,0.1,0.4,1.1,1.5,7.8
"22-09-2026 09:28:28",116,"011244","DA SILVA, OSCAR",27,"https://media-cdn.cortextech.io/1dU3kpCqReRp93/1BSdBWIjCjnONy/5c62c23d-0581-4667-a77b-52af033153bc.png","MUN","BAY","FC Bayern Munich","https://media-cdn.incrowdsports.com/817b0e58-d595-4b09-ab0b-1e7cc26249ff.png",35,17,15.9142857142857,6.2,2.5,3.9,"64.4%",0.1,0.5,"18.8%",0.9,1,"91.7%",1.7,1.9,3.6,0.9,0.5,0.8,0.3,0.5,1.7,1,7.7
"22-09-2026 09:28:28",117,"013386","MCCORMACK, DAVID",26,"https://media-cdn.cortextech.io/e6d83e1c-82df-4d7b-8d94-6a7f0a037e60.png","MUN","BAY","FC Bayern Munich","https://media-cdn.incrowdsports.com/817b0e58-d595-4b09-ab0b-1e7cc26249ff.png",28,15,15.4815476190476,6.9,2.8,4.6,"60.8%",0,0.1,"0%",1.2,1.7,"70.8%",1,2.1,3.2,0.8,0.8,1.2,0.2,0.1,2.6,2.2,7.6
"22-09-2026 09:28:28",118,"002676","BUTKEVICIUS, ARNAS",33,"https://media-cdn.cortextech.io/1dU3kpCqReRp93/1BSdBWIjCjnONz/30189b7a-3050-4119-9fbb-165978cd8f71.png","ZAL","ZAL","Zalgiris Kaunas","https://media-cdn.incrowdsports.com/0aa09358-3847-4c4e-b228-3582ee4e536d.png",38,24,18.0328947368421,5.3,0.8,1.3,"62.7%",1,2,"50.6%",0.5,0.6,"82.6%",0.6,2,2.6,1.2,0.9,0.4,0.2,0.1,1.9,1.4,7.6
"22-09-2026 09:28:28",119,"011284","FARIED, KENNETH",36,"https://media-cdn.cortextech.io/1dU3kpCqReRp93/1BSdBWIjCjnONy/b0840890-3358-47e0-9672-0ef3c5172b90.png","PAN","PAO","Panathinaikos AKTOR Athens","https://media-cdn.incrowdsports.com/e3dff28a-9ec6-4faf-9d96-ecbc68f75780.png",35,13,13.1442857142857,5.8,2.3,3.8,"61.2%",0,0,"0%",1.1,1.7,"65.5%",1.9,2.1,3.9,0.3,0.3,0.9,0.6,0.1,1.9,1.5,7.5
"22-09-2026 09:28:28",120,"014102","JONES, KAI",24,"https://media-cdn.cortextech.io/1dU3kpCqReRp93/1BSdBWIjCjnONz/f6863e93-e184-46e1-bae5-00166020bd7f.png","IST","EFS","Anadolu Efes Istanbul","https://media-cdn.cortextech.io/1dU3kpCqReRp93/1BSdBWIjCgOCxM/a844756c-a58d-4666-93b8-48f7337bc79d.png",36,3,15.4592592592593,3.6,1.6,1.8,"92.1%",0,0,"0%",0.4,0.6,"66.7%",1.1,2.4,3.5,0.5,0.5,0.5,1.2,0,1.7,0.5,7.4
"22-09-2026 09:28:28",121,"010444","COSTELLO, MATTHEW",32,"https://media-cdn.cortextech.io/daa41d29-1915-4021-b276-aff41df0b04b.png","PAM","VBC","Valencia Basket","https://media-cdn.cortextech.io/1dU3kpCqReRp93/1BSdBWIjChWbHL/bc3e00b2-fea4-40be-a7ec-1e633129bde3.png",40,10,16.5616666666667,6.2,1,1.6,"61.5%",1.2,3,"39.5%",0.7,1.5,"47.5%",1,2.8,3.8,0.8,0.5,0.6,0.5,0.1,1.8,1.2,7.4
"22-09-2026 09:28:28",122,"LCZ","MOTIEJUNAS, DONATAS",35,"https://media-cdn.cortextech.io/b9453f11-74b4-498e-8490-e5cbc1b25255.png","RED","CZV","Crvena Zvezda Meridianbet Belgrade","https://media-cdn.incrowdsports.com/d2eef4a8-62df-4fdd-9076-276004268515.png",27,25,12.5506172839506,6.1,2.1,3.3,"63.3%",0.2,0.5,"35.7%",1.4,2.3,"59.7%",0.8,1,1.8,0.8,0.3,0.7,0,0.1,1.1,2.8,7.3
"22-09-2026 09:28:28",123,"010581","OSETKOWSKI, DYLAN",29,"https://media-cdn.cortextech.io/1dU3kpCqReRp93/1BSdBWIjCjnONy/77868a0a-7b7e-4fd9-82a0-fd766388f479.png","PAR","PAR","Partizan Mozzart Bet Belgrade","https://media-cdn.incrowdsports.com/2681304e-77dd-4331-88b1-683078c0fb49.png",35,20,20.0719047619048,7.2,1.4,2.7,"52.6%",1.1,3,"35.8%",1.1,1.2,"88.4%",1,1.9,2.9,1,1,0.4,0.1,0.3,2.2,1.2,7.3
"22-09-2026 09:28:28",124,"010390","HAYES, KEVARRIUS",28,"https://media-cdn.cortextech.io/1dU3kpCqReRp93/1BSdBWIjCjnONz/0cd451e5-94a5-46fd-9b80-cb636427977a.png","MCO","ASM","AS Monaco","https://media-cdn.incrowdsports.com/89ed276a-2ba3-413f-8ea2-b3be209ca129.png",40,7,17.4279166666667,6.3,2.6,4.2,"61.3%",0,0,"0%",1.2,1.6,"71.9%",1.7,1.7,3.4,0.6,0.7,0.8,0.8,0.3,2.7,1.4,7.2
"22-09-2026 09:28:28",125,"011051","SMAILAGIC, ALEN",25,"https://media-cdn.cortextech.io/ae9cae56-3e7e-4f67-ad21-e0926b9f159b.png","VIR","VIR","Virtus Bologna","https://media-cdn.cortextech.io/1dU3kpCqReRp93/1BSdBWIjCiezvk/a92d4c3b-9f9c-4163-8a10-bcf8fc15893e.png",31,18,16.4870967741935,7.4,1.7,2.8,"59.1%",0.9,2.7,"34.9%",1.2,1.6,"76%",0.7,1.8,2.5,0.9,0.6,0.8,0.2,0.2,1.8,1.6,7.1
"22-09-2026 09:28:28",126,"012742","DOZIER, PJ",29,"https://media-cdn.cortextech.io/1dU3kpCqReRp93/1BSdBWIjCjnONz/92da8264-e1f6-434c-9923-a86d51b3affd.png","IST","EFS","Anadolu Efes Istanbul","https://media-cdn.cortextech.io/1dU3kpCqReRp93/1BSdBWIjCgOCxM/a844756c-a58d-4666-93b8-48f7337bc79d.png",26,16,21.9435897435897,9.7,2.4,6,"40.1%",1.2,3.7,"33.7%",1.2,1.6,"71.4%",0.6,1.8,2.4,2.5,1,1.6,0.2,0.5,2.4,2.3,7.1
"22-09-2026 09:28:28",127,"005713","KURUCS, RODIONS",27,"https://media-cdn.cortextech.io/1dU3kpCqReRp93/1BSdBWIjCjnONy/2c60a5d5-e755-43f1-8783-8810ad15d63a.png","BAS","KBA","Baskonia Vitoria-Gasteiz","https://media-cdn.cortextech.io/cbc49cb0-99ce-4462-bdb7-56983ee03cf4.png",26,18,21.1538461538462,7.5,1.9,3.6,"52.1%",0.9,2.4,"38.7%",0.9,1.4,"66.7%",1.5,2.2,3.7,1.5,0.9,1.6,0,0.4,2.7,1.8,7.1
"22-09-2026 09:28:28",128,"012403","FAYE, MOUHAMED",20,"https://media-cdn.cortextech.io/1dU3kpCqReRp93/1BSdBWIjCjnONz/2a94cfc5-db7e-4018-9c6f-b9ee436dd7b4.png","PRS","PBB","Paris Basketball","https://media-cdn.incrowdsports.com/a033e5b3-0de7-48a3-98d9-d9a4b9df1f39.png",38,23,17.1741228070175,4.6,2,3,"65.2%",0,0,"0%",0.7,1.3,"49%",2.2,2.8,5,0.2,0.4,0.8,1,0.4,2.5,1.3,7.1
"22-09-2026 09:28:28",129,"007032","LO, MAODO",33,"https://media-cdn.cortextech.io/1dU3kpCqReRp93/1BSdBWIjCjnONz/b9843075-3b7e-4e22-b4b3-24ab71044c9e.png","ZAL","ZAL","Zalgiris Kaunas","https://media-cdn.incrowdsports.com/0aa09358-3847-4c4e-b228-3582ee4e536d.png",41,5,18.0219512195122,7,1.3,2.5,"50%",1.1,2.8,"39.1%",1.2,1.5,"80%",0.5,1.5,1.9,2.4,0.5,1.3,0,0.5,1.3,1.5,7
"22-09-2026 09:28:28",130,"003196","HERNANGOMEZ, WILLY",31,"https://media-cdn.cortextech.io/2b0a03c6-90ec-400a-8b01-6c4c8c234234.png","BAR","BAR","FC Barcelona","https://media-cdn.incrowdsports.com/35dfa503-e417-481f-963a-bdf6f013763e.png",39,13,13.5393162393162,5.6,1.9,3.7,"51.7%",0,0.1,"25%",1.7,2.6,"65.7%",1.4,2.4,3.8,0.5,0.3,1.1,0.4,0.3,2,2.5,7
"22-09-2026 09:28:28",131,"006739","PAJOLA, ALESSANDRO",26,"https://media-cdn.cortextech.io/1dU3kpCqReRp93/1BSdBWIjCjnONz/d80ae7ee-8755-47b7-8194-2d74312eefc9.png","VIR","VIR","Virtus Bologna","https://media-cdn.cortextech.io/1dU3kpCqReRp93/1BSdBWIjCiezvk/a92d4c3b-9f9c-4163-8a10-bcf8fc15893e.png",24,13,19.0847222222222,4,0.6,1.2,"51.7%",0.7,2.5,"27.1%",0.8,1.1,"66.7%",0.4,2.3,2.7,4.2,1.1,1.2,0.2,0,2.9,1.5,6.9
"22-09-2026 09:28:28",132,"007464","PARRA, JOEL",25,"https://media-cdn.cortextech.io/1dU3kpCqReRp93/1BSdBWIjCjnONz/9a56a310-cebf-4640-ab91-5c7690d16c51.png","BAR","BAR","FC Barcelona","https://media-cdn.incrowdsports.com/35dfa503-e417-481f-963a-bdf6f013763e.png",40,6,18.65625,5.6,1.6,2.7,"60.7%",0.5,1.7,"29.4%",0.8,1.1,"79.1%",1.2,2.2,3.4,1,0.5,0.6,0.1,0.2,1.7,1.1,6.8
"22-09-2026 09:28:28",133,"011247","FELIZ, ANDRES",28,"https://media-cdn.cortextech.io/1dU3kpCqReRp93/1BSdBWIjCjnONy/f1b18434-916a-4d6b-95f4-daa88e901887.png","MAD","RMB","Real Madrid","https://media-cdn.incrowdsports.com/371b0d9b-9250-4c09-bda7-0686cf024657.png",39,6,16.6521367521368,6.9,1.7,3.3,"52.7%",0.9,2.2,"41.2%",0.7,0.9,"73%",0.9,1.7,2.5,2,0.6,0.9,0,0.4,2,1.1,6.7
"22-09-2026 09:28:28",134,"002329","ULANOVAS, EDGARAS",33,"https://media-cdn.cortextech.io/1dU3kpCqReRp93/1BSdBWIjCjnONz/5d1b2a2a-4d68-4723-8389-d86a4d6f8b6b.png","ZAL","ZAL","Zalgiris Kaunas","https://media-cdn.incrowdsports.com/0aa09358-3847-4c4e-b228-3582ee4e536d.png",42,10,18.552380952381,5.5,1,2.1,"46.6%",0.6,1.5,"41.3%",1.7,2.1,"80.7%",0.8,1.4,2.2,1.5,0.3,0.4,0.1,0.1,1.8,1.9,6.6
"22-09-2026 09:28:28",135,"014168","KEY, BRAXTON",28,"https://media-cdn.cortextech.io/1dU3kpCqReRp93/1BSdBWIjCjnONy/3f004905-928d-4e58-a51f-a19b0aa852e5.png","PAM","VBC","Valencia Basket","https://media-cdn.cortextech.io/1dU3kpCqReRp93/1BSdBWIjChWbHL/bc3e00b2-fea4-40be-a7ec-1e633129bde3.png",34,1,17.0225490196078,6.3,2,3.5,"57.1%",0.4,1.6,"24.5%",1.2,1.8,"64.5%",1.1,2.4,3.5,1.1,0.7,1,0.5,0.3,2.6,1.7,6.6
"22-09-2026 09:28:28",136,"014108","DIARRA, ALIOU",24,"https://media-cdn.cortextech.io/1dU3kpCqReRp93/1BSdBWIjCjnONz/622f5afe-0cda-41b3-8e86-f73efd580d9a.png","VIR","VIR","Virtus Bologna","https://media-cdn.cortextech.io/1dU3kpCqReRp93/1BSdBWIjCiezvk/a92d4c3b-9f9c-4163-8a10-bcf8fc15893e.png",28,4,10.6440476190476,4.5,2,2.9,"68.8%",0,0,"0%",0.6,1,"55.2%",1.3,1.8,3.1,0.7,0.2,0.6,0.6,0.1,1.9,1.2,6.4
"22-09-2026 09:28:28",137,"007630","GARUBA, USMAN",23,"https://media-cdn.cortextech.io/1dU3kpCqReRp93/1BSdBWIjCjnONy/8f36ef87-697a-4583-b5e6-0a12b8f72465.png","MAD","RMB","Real Madrid","https://media-cdn.incrowdsports.com/371b0d9b-9250-4c09-bda7-0686cf024657.png",40,1,12.4941666666667,5.2,2.1,3.4,"63.4%",0.1,0.1,"60%",0.8,1.2,"66%",1.2,1.6,2.8,0.5,0.8,0.7,0.7,0.2,1.9,1,6.4
"22-09-2026 09:28:28",138,"012795","ANDERSON, JUSTIN",32,"https://media-cdn.cortextech.io/1dU3kpCqReRp93/1BSdBWIjCjnONy/1479c837-d210-42a8-884d-3240c08a319e.png","DUB","DUB","Dubai Basketball","https://media-cdn.incrowdsports.com/1efae090-16e2-4963-ae47-4b94f249c244.png",33,12,23.4813131313131,6.1,1,1.8,"55%",1.1,2.7,"40.9%",0.8,1,"87.5%",0.8,2.2,3,1.3,0.4,0.6,0.5,0.1,2.6,0.7,6.3
"22-09-2026 09:28:28",139,"008173","SPAGNOLO, MATTEO",22,"https://media-cdn.cortextech.io/1dU3kpCqReRp93/1BSdBWIjCjnONy/c46e739a-7112-423c-b1cf-1551460475dc.png","BAS","KBA","Baskonia Vitoria-Gasteiz","https://media-cdn.cortextech.io/cbc49cb0-99ce-4462-bdb7-56983ee03cf4.png",37,1,15.4716216216216,5.4,1.5,2.9,"52.3%",0.4,1.1,"34.1%",1.2,1.5,"78.6%",0.3,1.4,1.7,1.9,0.5,0.8,0.1,0.2,1.2,1.5,6.3
"22-09-2026 09:28:28",140,"004866","KALINIC, NIKOLA",34,"https://media-cdn.cortextech.io/8b1112da-0b01-4305-b27a-c6424ef1f54f.png","RED","CZV","Crvena Zvezda Meridianbet Belgrade","https://media-cdn.incrowdsports.com/d2eef4a8-62df-4fdd-9076-276004268515.png",39,25,23.1611111111111,5.8,1.1,2.2,"50%",0.9,2.3,"40%",0.8,1.3,"67.3%",1.1,2.4,3.5,1.8,0.5,1.5,0.3,0.2,2.7,1.6,6.2
"22-09-2026 09:28:28",141,"010319","TRAORE, ARMEL",22,"https://media-cdn.cortextech.io/1dU3kpCqReRp93/1BSdBWIjCjnOO1/8cc5d350-fbb3-4840-ad3d-907e7dcbd673.png","ASV","ASV","LDLC ASVEL Villeurbanne","https://media-cdn.incrowdsports.com/e33c6d1a-95ca-4dbc-b8cb-0201812104cc.png",36,8,15.8953703703704,5.8,1.8,2.6,"69.9%",0.6,1.7,"35%",0.4,0.7,"66.7%",1.3,2.2,3.5,0.5,0.4,1,0.4,0.2,1.8,0.8,6.2
"22-09-2026 09:28:28",142,"007993","M'BAYE, AMATH",36,"https://media-cdn.cortextech.io/29eebe44-7b24-44c5-8dd5-b085a3d056d5.png","PRS","PBB","Paris Basketball","https://media-cdn.incrowdsports.com/a033e5b3-0de7-48a3-98d9-d9a4b9df1f39.png",34,20,17.3039215686275,7.6,1.5,2.8,"52.6%",1,2.8,"35.4%",1.6,2,"79.7%",0.6,0.9,1.6,1,0.6,1.1,0.1,0.1,1.9,1.9,6.2
"22-09-2026 09:28:28",143,"010545","SAKO, NEAL",27,"https://media-cdn.cortextech.io/1dU3kpCqReRp93/1BSdBWIjCjnONy/abd62f56-26d6-4f58-aa4e-54d9c2606c55.png","PAM","VBC","Valencia Basket","https://media-cdn.cortextech.io/1dU3kpCqReRp93/1BSdBWIjChWbHL/bc3e00b2-fea4-40be-a7ec-1e633129bde3.png",42,25,13.3714285714286,4.7,2,3.4,"59.2%",0,0,"0%",0.7,1.9,"38%",1.8,2,3.8,0.6,0.3,0.8,0.4,0.2,2,1.8,6.2
"22-09-2026 09:28:28",144,"008072","DIOP, KHALIFA",23,"https://media-cdn.cortextech.io/d78b882f-2f17-4f2a-8685-55cd7f75be1b.png","BAS","KBA","Baskonia Vitoria-Gasteiz","https://media-cdn.cortextech.io/cbc49cb0-99ce-4462-bdb7-56983ee03cf4.png",28,23,16.7333333333333,4,1.7,2.4,"69.1%",0,0,"0%",0.6,1.1,"56.3%",1.9,2.3,4.2,0.6,0.5,0.9,0.6,0.1,2.7,1.2,6.1
"22-09-2026 09:28:28",145,"007109","SMITS, ROLANDS",30,"https://media-cdn.cortextech.io/d4e2115d-e8a8-497e-9522-f11f7d7d0336.png","IST","EFS","Anadolu Efes Istanbul","https://media-cdn.cortextech.io/1dU3kpCqReRp93/1BSdBWIjCgOCxM/a844756c-a58d-4666-93b8-48f7337bc79d.png",35,12,18.9795238095238,6.7,1.8,2.9,"62.1%",0.7,2.1,"32.9%",0.9,1.3,"73.3%",0.9,2.1,3.1,0.7,0.3,0.8,0.1,0.1,2.7,1.6,6
"22-09-2026 09:28:28",146,"011927","SLEVA, DUSTIN",30,"https://media-cdn.cortextech.io/1dU3kpCqReRp93/1BSdBWIjCjnONz/f37f7850-396e-44d3-8dcc-c6503a4a76d3.png","ZAL","ZAL","Zalgiris Kaunas","https://media-cdn.incrowdsports.com/0aa09358-3847-4c4e-b228-3582ee4e536d.png",42,7,18.3166666666667,6.7,1,2.4,"43.1%",1.2,2.9,"40.8%",1.1,1.5,"74.6%",1.3,2.1,3.4,1,0.6,0.6,0.1,0.1,3,1.4,6
"22-09-2026 09:28:28",147,"013289","SANTOS, MARCIO",23,"https://media-cdn.cortextech.io/5388e430-a3af-404e-9b40-90f755cbcb77.png","TEL","MTA","Maccabi Rapyd Tel Aviv","https://media-cdn.cortextech.io/1b533342-78f5-4932-b714-a7d80b5826b5.png",37,4,14.0657657657658,6.9,1.4,2.5,"55.4%",0.6,1.6,"40%",2.2,2.8,"80.4%",0.7,0.9,1.6,0.6,0.6,1,0.3,0.1,3.2,2.8,6
"22-09-2026 09:28:28",148,"001932","CALATHES, NICK",36,"https://media-cdn.cortextech.io/1dU3kpCqReRp93/1BSdBWIjCjnOO0/909be9ee-8d4b-483f-a87a-1d427142a207.png","MCO;PAR","ASM;PAR","AS Monaco;Partizan Mozzart Bet Belgrade","https://media-cdn.incrowdsports.com/89ed276a-2ba3-413f-8ea2-b3be209ca129.png;https://media-cdn.incrowdsports.com/2681304e-77dd-4331-88b1-683078c0fb49.png",31,5,19.2327956989247,4.3,1.2,2.8,"42.5%",0.5,1.9,"29.3%",0.3,0.5,"56.2%",0.4,2,2.5,4.2,0.9,1.5,0.1,0.1,2.4,1.1,5.9
"22-09-2026 09:28:28",149,"014119","NOWELL, MARKQUIS",26,"https://media-cdn.cortextech.io/02c8c710-f160-471e-b241-e0c0e3a976a8.png","BAS","KBA","Baskonia Vitoria-Gasteiz","https://media-cdn.cortextech.io/cbc49cb0-99ce-4462-bdb7-56983ee03cf4.png",28,3,14.3886904761905,5.7,1,1.7,"59.6%",0.9,3,"30.6%",0.9,1.1,"80.6%",0.2,0.9,1.1,3,0.6,1,0,0.3,1.9,1.7,5.9
"22-09-2026 09:28:28",150,"009992","BRIZUELA, DARIO",31,"https://media-cdn.cortextech.io/1dU3kpCqReRp93/1BSdBWIjCjnONz/ce0ebb86-2c93-4aa6-8892-9ef1334d2d45.png","BAR","BAR","FC Barcelona","https://media-cdn.incrowdsports.com/35dfa503-e417-481f-963a-bdf6f013763e.png",38,1,15.5416666666667,8.9,2.1,3.7,"55.6%",1.4,3.9,"35.1%",0.7,0.8,"86.7%",0.2,0.9,1.1,1.4,0.6,0.9,0,0.2,1.9,1.1,5.9
"22-09-2026 09:28:28",151,"014088","SELJAAS, ZACHARY",28,"https://media-cdn.cortextech.io/dc020bbc-568f-482c-8e1a-070df69a0b83.png","ASV","ASV","LDLC ASVEL Villeurbanne","https://media-cdn.incrowdsports.com/e33c6d1a-95ca-4dbc-b8cb-0201812104cc.png",36,20,20.2092592592593,6.7,0.8,1.5,"52.8%",1.4,4.7,"30.2%",0.9,1,"91.4%",0.9,2.1,3,1.1,0.4,0.3,0,0.2,2.1,1.3,5.9
"22-09-2026 09:28:28",152,"008325","KAMENJAS, KENAN",25,"https://media-cdn.cortextech.io/1dU3kpCqReRp93/1BSdBWIjCjnONx/5b0bd75f-af22-4996-84a9-d0d648f79bf3.png","DUB","DUB","Dubai Basketball","https://media-cdn.incrowdsports.com/1efae090-16e2-4963-ae47-4b94f249c244.png",28,3,10.8613095238095,4.1,1.6,2.9,"56.2%",0,0.1,"0%",0.9,1.3,"67.6%",1.2,2.1,3.4,0.5,0.3,0.6,0,0.2,1.3,1.3,5.8
"22-09-2026 09:28:28",153,"010431","MORGAN, JEREMY",30,"https://media-cdn.cortextech.io/1dU3kpCqReRp93/1BSdBWIjCjnONz/86b88bde-0eb8-434c-97c5-1c343473963d.png","PRS","PBB","Paris Basketball","https://media-cdn.incrowdsports.com/a033e5b3-0de7-48a3-98d9-d9a4b9df1f39.png",32,15,17.7130208333333,5.2,0.5,1.1,"47.2%",1.3,3,"42.3%",0.3,0.4,"78.6%",1,1.5,2.5,1.5,0.8,0.8,0.2,0.1,2.1,0.9,5.8
"22-09-2026 09:28:28",154,"013383","GABRIEL, WENYEN",28,"https://media-cdn.cortextech.io/1dU3kpCqReRp93/1BSdBWIjCjnONy/bffa3555-b896-4e50-83dd-8207c2c08445.png","MUN","BAY","FC Bayern Munich","https://media-cdn.incrowdsports.com/817b0e58-d595-4b09-ab0b-1e7cc26249ff.png",36,7,16.9444444444444,6.1,2.7,4.6,"57.8%",0.1,0.3,"18.2%",0.6,1.4,"44.9%",1.7,1.8,3.5,0.8,0.6,1.5,0.7,0.5,2.8,1.7,5.7
"22-09-2026 09:28:28",155,"003458","BERTANS, DAVIS",33,"https://media-cdn.cortextech.io/1dU3kpCqReRp93/1BSdBWIjCjnONy/3a50124b-7e2e-4716-94c8-7e263a45cff5.png","DUB","DUB","Dubai Basketball","https://media-cdn.incrowdsports.com/1efae090-16e2-4963-ae47-4b94f249c244.png",29,4,18.6408045977012,8,0.5,1.1,"46.9%",1.9,5.8,"33.5%",1.2,1.4,"85%",0.5,1.9,2.4,1.1,0.1,0.5,0.4,0,2.2,0.9,5.5
"22-09-2026 09:28:28",156,"005422","JALLOW, KARIM",28,"https://media-cdn.cortextech.io/537c45ba-7d81-47df-aa8d-900ecf79b2b4.png","VIR","VIR","Virtus Bologna","https://media-cdn.cortextech.io/1dU3kpCqReRp93/1BSdBWIjCiezvk/a92d4c3b-9f9c-4163-8a10-bcf8fc15893e.png",37,27,21.0117117117117,5.3,1.7,3.2,"53%",0.4,1.2,"30.4%",0.8,1.3,"60.4%",0.8,1.9,2.8,1,0.5,0.9,0.1,0.4,1.6,1.6,5.5
"22-09-2026 09:28:28",157,"007866","MITOGLOU, KONSTANTINOS",29,"https://media-cdn.cortextech.io/1dU3kpCqReRp93/1BSdBWIjCjnONz/90d5376e-f240-4e2f-93d5-3fca317e5301.png","PAN","PAO","Panathinaikos AKTOR Athens","https://media-cdn.incrowdsports.com/e3dff28a-9ec6-4faf-9d96-ecbc68f75780.png",31,6,12.941935483871,4.8,1.5,2.7,"54.8%",0.3,1.4,"23.3%",0.8,1,"81.2%",0.9,1.9,2.8,0.5,0.4,0.5,0.3,0.2,1.5,1.3,5.4
"22-09-2026 09:28:28",158,"005504","BIRUTIS, LAURYNAS",28,"https://media-cdn.cortextech.io/ec9e23f4-7618-42d7-9ccd-05bb89fe2e4b.png","ZAL","ZAL","Zalgiris Kaunas","https://media-cdn.incrowdsports.com/0aa09358-3847-4c4e-b228-3582ee4e536d.png",41,10,9.99268292682927,4.1,1.8,2.5,"69.2%",0,0,"0%",0.6,1.4,"40.7%",1,1.3,2.4,0.3,0.2,0.3,0.3,0.2,1,1.1,5.2
"22-09-2026 09:28:28",159,"006643","PUERTO, JOSEP",26,"https://media-cdn.cortextech.io/1dU3kpCqReRp93/1BSdBWIjCjnONy/d1c5ad9a-5349-4738-a9e3-8f46f48e26ed.png","PAM","VBC","Valencia Basket","https://media-cdn.cortextech.io/1dU3kpCqReRp93/1BSdBWIjChWbHL/bc3e00b2-fea4-40be-a7ec-1e633129bde3.png",38,11,15.7478070175439,5.2,0.8,1.5,"53.6%",1,2.6,"40.2%",0.5,0.7,"73.1%",0.7,1.8,2.5,0.6,0.3,0.4,0.1,0.1,1.3,0.8,5.2
"22-09-2026 09:28:28",160,"014014","VAUTIER, BASTIEN",27,"https://media-cdn.cortextech.io/b33e8226-0dfc-4169-b7db-4e5c81590d55.png","ASV","ASV","LDLC ASVEL Villeurbanne","https://media-cdn.incrowdsports.com/e33c6d1a-95ca-4dbc-b8cb-0201812104cc.png",38,18,12.6824561403509,5.7,2.1,4.1,"51.9%",0,0,"0%",1.4,2.2,"67.1%",1.2,1.5,2.7,0.7,0.4,0.9,0.2,0.3,2.6,1.9,5.1
"22-09-2026 09:28:28",161,"014190","RADZEVICIUS, GYTIS",30,"https://media-cdn.cortextech.io/7745b1f2-e6a5-462d-8d7c-54ae6f3bbc8b.png","BAS","KBA","Baskonia Vitoria-Gasteiz","https://media-cdn.cortextech.io/cbc49cb0-99ce-4462-bdb7-56983ee03cf4.png",25,24,17.718,4.7,1.3,2,"62.7%",0.6,1.6,"35%",0.5,0.6,"85.7%",0.9,1.5,2.4,0.6,0.3,0.3,0.1,0,1.6,0.8,5
"22-09-2026 09:28:28",162,"012611","HERRERA, SEBASTIAN",28,"https://media-cdn.cortextech.io/554a36c3-9fe5-44af-8100-9cb7752e132a.png","PRS","PBB","Paris Basketball","https://media-cdn.incrowdsports.com/a033e5b3-0de7-48a3-98d9-d9a4b9df1f39.png",36,12,16.4212962962963,7.6,0.6,1.1,"51.2%",1.9,5.1,"37.4%",0.7,0.8,"89.7%",0.4,1.1,1.5,1.1,0.6,0.6,0.1,0.2,2,0.9,5
"22-09-2026 09:28:28",162,"007853","MCKISSIC, SHAQUIELLE",35,"https://media-cdn.cortextech.io/3e6e2015-538f-45f9-ab34-03ee341681df.png","OLY","OLY","Olympiacos Piraeus","https://media-cdn.incrowdsports.com/789423ac-3cdf-4b89-b11c-b458aa5f59a6.png",27,0,11.5450617283951,4.3,1.1,1.7,"61.7%",0.4,1.4,"25.6%",1,1.6,"63.6%",0.3,0.9,1.2,1.4,0.7,0.4,0,0.1,1.1,1.3,5
"22-09-2026 09:28:28",164,"000848","NEDOVIC, NEMANJA",34,"https://media-cdn.cortextech.io/664a91ef-82db-43d9-81c7-30bcbb9d8139.png","MCO","ASM","AS Monaco","https://media-cdn.incrowdsports.com/89ed276a-2ba3-413f-8ea2-b3be209ca129.png",35,8,13.4404761904762,6.1,1,1.7,"55.7%",1.1,2.8,"40.8%",0.7,0.9,"86.7%",0.2,1,1.2,1.4,0.5,0.7,0.1,0.1,2,1,5
"22-09-2026 09:28:28",165,"012613","JANTUNEN, MIKAEL",25,"https://media-cdn.cortextech.io/1dU3kpCqReRp93/1BSdBWIjCjnONy/10bea46c-6970-4540-be9a-e6ef97ea0121.png","ULK","FBB","Fenerbahce Istanbul","https://media-cdn.cortextech.io/1dU3kpCqReRp93/1BSdBWIjCiezrk/aa39750a-6203-49ee-a87d-edd0c6f0397d.png",36,14,18.5842592592593,5.2,0.8,1.6,"48.3%",0.8,2.5,"32.2%",1.3,1.5,"86.8%",1.1,2.1,3.2,0.7,0.4,0.7,0.2,0.1,3.1,1.9,4.9
"22-09-2026 09:28:28",166,"007182","BIRCH, KHEM",33,"https://media-cdn.cortextech.io/07341c6e-b835-4434-bf94-87314dea546b.png","ULK","FBB","Fenerbahce Istanbul","https://media-cdn.cortextech.io/1dU3kpCqReRp93/1BSdBWIjCiezrk/aa39750a-6203-49ee-a87d-edd0c6f0397d.png",43,40,16.5434108527132,3.9,1.4,2.3,"62.9%",0,0,"0%",1,1.5,"67.7%",1.5,2.5,4,0.4,0.3,1,0.4,0.1,3.1,1.5,4.9
"22-09-2026 09:28:28",167,"014026","FRISCH, CLEMENT",23,"https://media-cdn.cortextech.io/1dU3kpCqReRp93/1BSdBWIjCjnONy/42d1c992-b912-4c98-be0e-eb95d712b204.png","BAS","KBA","Baskonia Vitoria-Gasteiz","https://media-cdn.cortextech.io/cbc49cb0-99ce-4462-bdb7-56983ee03cf4.png",37,3,12.1472972972973,4.3,0.9,1.3,"70.8%",0.8,1.8,"42.4%",0.2,0.2,"100%",0.5,1.9,2.5,0.5,0.3,0.3,0.1,0.1,1.4,0.4,4.8
"22-09-2026 09:28:28",168,"013378","RATHAN-MAYES, XAVIER",31,"https://media-cdn.cortextech.io/be33c25c-a375-46b0-8fa6-b978b93ac5f0.png","MUN","BAY","FC Bayern Munich","https://media-cdn.incrowdsports.com/817b0e58-d595-4b09-ab0b-1e7cc26249ff.png",32,8,15.2265625,7.3,1.6,3.5,"45%",1,4,"25.6%",1.1,1.5,"70.8%",0.3,1.4,1.7,1.8,0.4,1.1,0.1,0.3,1.7,1.9,4.8
"22-09-2026 09:28:28",169,"014134","NORRIS, MILES",25,"https://media-cdn.cortextech.io/1dU3kpCqReRp93/1BSdBWIjCjnONy/d6a2fbe4-7f6f-4b84-824f-f41630898d84.png","BAR","BAR","FC Barcelona","https://media-cdn.incrowdsports.com/35dfa503-e417-481f-963a-bdf6f013763e.png",36,10,12.3824074074074,4,0.8,1.2,"62.2%",0.8,2,"38%",0.2,0.2,"88.9%",0.8,1.8,2.6,0.3,0.5,0.3,0.3,0.2,1.1,0.2,4.7
"22-09-2026 09:28:28",170,"009513","HOLLATZ, JUSTUS",24,"https://media-cdn.cortextech.io/1dU3kpCqReRp93/1BSdBWIjCjnONy/d62edd43-6a87-4c93-91a1-341ce3a104c6.png","MUN","BAY","FC Bayern Munich","https://media-cdn.incrowdsports.com/817b0e58-d595-4b09-ab0b-1e7cc26249ff.png",26,17,16.6698717948718,3,0.5,1.2,"38.7%",0.5,1.2,"45.2%",0.4,0.6,"73.3%",0.7,1.5,2.2,2.8,0.9,1,0,0.1,2.2,0.7,4.7
"22-09-2026 09:28:28",171,"011085","ROGKAVOPOULOS, NIKOLAOS",24,"https://media-cdn.cortextech.io/1dU3kpCqReRp93/1BSdBWIjCjnONz/92a266f5-b0cd-4993-b475-38a1e128ccc8.png","PAN","PAO","Panathinaikos AKTOR Athens","https://media-cdn.incrowdsports.com/e3dff28a-9ec6-4faf-9d96-ecbc68f75780.png",34,8,12.321568627451,5.6,1.3,2,"63.2%",0.8,2.4,"32.1%",0.7,0.8,"89.3%",0.6,1.4,2,0.5,0.2,0.3,0.1,0.2,1.4,0.6,4.6
"22-09-2026 09:28:28",172,"010750","DE LARREA, SERGIO",20,"https://media-cdn.cortextech.io/5c52e29f-09dd-45b3-ae82-a839d68146f7.png","PAM","VBC","Valencia Basket","https://media-cdn.cortextech.io/1dU3kpCqReRp93/1BSdBWIjChWbHL/bc3e00b2-fea4-40be-a7ec-1e633129bde3.png",31,9,11.1505376344086,4.2,0.8,1.6,"47.1%",0.6,1.5,"39.6%",0.8,1.2,"72.2%",0.5,0.9,1.4,2.2,0.4,1.2,0.2,0.1,1.5,1.2,4.6
"22-09-2026 09:28:28",173,"013373","CAVALIERE, LEOPOLD",29,"https://media-cdn.cortextech.io/1dU3kpCqReRp93/1BSdBWIjCjnONz/63c6b216-3410-4c21-8ad0-a8277380c6b1.png","PRS","PBB","Paris Basketball","https://media-cdn.incrowdsports.com/a033e5b3-0de7-48a3-98d9-d9a4b9df1f39.png",36,11,13.987962962963,3.1,1.1,2,"56.9%",0.2,0.8,"25.9%",0.2,0.4,"56.2%",1.1,2.1,3.2,0.8,0.5,0.5,0.1,0.2,1.6,0.9,4.6
"22-09-2026 09:28:28",174,"001844","HACKETT, DANIEL",38,"https://media-cdn.cortextech.io/1dU3kpCqReRp93/1BSdBWIjCjnONz/f3a04739-9830-4126-8c40-d7ac9b7ef187.png","VIR","VIR","Virtus Bologna","https://media-cdn.cortextech.io/1dU3kpCqReRp93/1BSdBWIjCiezvk/a92d4c3b-9f9c-4163-8a10-bcf8fc15893e.png",34,2,14.668137254902,3.4,0.4,1.1,"41.7%",0.6,1.5,"40.4%",0.6,0.8,"75%",0.5,1.8,2.3,1.4,0.4,0.8,0,0,1.6,1.2,4.5
"22-09-2026 09:28:28",175,"007990","DIBARTOLOMEO, JOHN",34,"https://media-cdn.cortextech.io/1dU3kpCqReRp93/1BSdBWIjCjnOO0/fa17418f-980a-46d6-a5f3-ebd69bebb92d.png","TEL","MTA","Maccabi Rapyd Tel Aviv","https://media-cdn.cortextech.io/1b533342-78f5-4932-b714-a7d80b5826b5.png",27,0,14.3296296296296,4,0.2,0.5,"42.9%",1,2.5,"38.2%",0.7,0.8,"86.4%",0.7,1.1,1.9,0.9,0.9,0.3,0,0,2,1.1,4.5
"22-09-2026 09:28:28",176,"004007","DOBRIC, OGNJEN",31,"https://media-cdn.cortextech.io/1dU3kpCqReRp93/1BSdBWIjCjnONz/88d6f616-1540-408a-828b-6c2754d939f6.png","RED","CZV","Crvena Zvezda Meridianbet Belgrade","https://media-cdn.incrowdsports.com/d2eef4a8-62df-4fdd-9076-276004268515.png",25,9,12.5006666666667,5,0.6,1.4,"45.7%",1.1,2.5,"45.2%",0.3,0.3,"100%",0.8,1,1.8,0.3,0.4,0.2,0,0.1,1.3,0.8,4.5
"22-09-2026 09:28:28",177,"012618","MASSA, BODIAN",28,"https://media-cdn.cortextech.io/29043d63-a741-4970-a849-8f2b865bd4ea.png","ASV","ASV","LDLC ASVEL Villeurbanne","https://media-cdn.incrowdsports.com/e33c6d1a-95ca-4dbc-b8cb-0201812104cc.png",34,14,15.8519607843137,4.4,1.9,3.9,"49.6%",0,0.1,"50%",0.4,0.7,"54.2%",1.4,2.4,3.8,0.6,0.4,1.2,0.4,0.1,2.9,1.4,4.4
"22-09-2026 09:28:28",178,"001518","RICCI, GIAMPAOLO",34,"https://media-cdn.cortextech.io/1dU3kpCqReRp93/1BSdBWIjCjnONy/b9b0b819-b255-41fb-aa35-f450eb2503cb.png","MIL","EA7","Armani Olimpia Milan","https://media-cdn.cortextech.io/1dU3kpCqReRp93/1BSdBWIjChWbHH/5c2f0ab6-f86a-4df0-b2f3-f9ab92f7267b.png",38,8,16.4166666666667,4.5,0.6,1,"61.5%",1.1,2.5,"42.1%",0.1,0.1,"75%",0.8,1.8,2.7,0.6,0.5,0.2,0.2,0,2.3,0.3,4.4
"22-09-2026 09:28:28",179,"004197","OUATTARA, YAKUBA",33,"https://media-cdn.cortextech.io/7a130397-0f2a-47a2-adc3-eed775bcbf37.png","PRS","PBB","Paris Basketball","https://media-cdn.incrowdsports.com/a033e5b3-0de7-48a3-98d9-d9a4b9df1f39.png",34,9,16.8387254901961,6,1,2.6,"37.1%",1.1,2.9,"39.8%",0.6,0.8,"75%",0.7,1.2,1.9,1.1,0.4,0.8,0.1,0.4,1.1,0.6,4.2
"22-09-2026 09:28:28",180,"013284","WAINRIGHT, ISH",31,"https://media-cdn.cortextech.io/ea9bc969-944b-4ba3-bfc9-e337bf5db497.png","HTA","HTA","Hapoel Tel Aviv","https://media-cdn.incrowdsports.com/cbb1c3ad-03d5-426a-b5ef-2832a4eee484.png",42,36,23.0440476190476,4.2,0.6,1.1,"55.3%",0.9,3,"29.7%",0.3,0.4,"73.3%",0.8,1.9,2.6,1.1,0.9,0.3,0.1,0.1,2.6,1,4.2
"22-09-2026 09:28:28",181,"011201","HAZER, SEHMUS",26,"https://media-cdn.cortextech.io/4ddb1fa4-97c7-4e34-9d0b-eaf23f9bf632.png","IST","EFS","Anadolu Efes Istanbul","https://media-cdn.cortextech.io/1dU3kpCqReRp93/1BSdBWIjCgOCxM/a844756c-a58d-4666-93b8-48f7337bc79d.png",33,1,13.1858585858586,5.6,1.5,3.1,"47.6%",0.5,1.8,"29.5%",1,1.4,"75.6%",0.2,0.7,0.9,1.1,0.4,0.9,0,0.2,1.1,1.5,4
"22-09-2026 09:28:28",182,"003526","LIGHTY, DAVID",37,"https://media-cdn.cortextech.io/6eb519a5-da37-4b4b-bc03-467432aa3c8b.png","ASV","ASV","LDLC ASVEL Villeurbanne","https://media-cdn.incrowdsports.com/e33c6d1a-95ca-4dbc-b8cb-0201812104cc.png",33,15,18.5691919191919,4.2,1,1.9,"50%",0.6,1.9,"32.8%",0.4,0.5,"72.2%",0.8,1.1,1.9,1.2,0.4,0.5,0.1,0.1,1.7,1,3.9
"22-09-2026 09:28:28",183,"011823","ODIASE, TAI",30,"https://media-cdn.cortextech.io/1dbd2b81-9620-4bf4-97ff-0a51c5322a30.png","HTA","HTA","Hapoel Tel Aviv","https://media-cdn.incrowdsports.com/cbb1c3ad-03d5-426a-b5ef-2832a4eee484.png",29,0,11.9247126436782,3.5,1.4,2.3,"60.3%",0,0,"0%",0.7,0.9,"74.1%",0.5,1.2,1.7,0.3,0.4,0.4,0.2,0.2,1.5,1.1,3.9
"22-09-2026 09:28:28",184,"014025","SWIDER, COLE",26,"https://media-cdn.cortextech.io/56eccbef-38b7-4f73-be3d-d85cd69b5074.png","IST","EFS","Anadolu Efes Istanbul","https://media-cdn.cortextech.io/1dU3kpCqReRp93/1BSdBWIjCgOCxM/a844756c-a58d-4666-93b8-48f7337bc79d.png",30,3,9.01277777777778,5.3,0.5,0.8,"60.9%",1.3,2.6,"48.1%",0.6,0.6,"94.7%",0.2,0.9,1.1,0.3,0.2,0.3,0,0.1,1.3,0.4,3.9
"22-09-2026 09:28:28",185,"014016","BOSTON JR., BRANDON",24,"https://media-cdn.cortextech.io/e0c8086d-9ea8-43da-8292-7fc4c3889762.png","ULK","FBB","Fenerbahce Istanbul","https://media-cdn.cortextech.io/1dU3kpCqReRp93/1BSdBWIjCiezrk/aa39750a-6203-49ee-a87d-edd0c6f0397d.png",28,2,11.8309523809524,4.8,1.2,2.3,"54.7%",0.5,1.6,"32.6%",0.7,0.9,"76.9%",0.7,0.9,1.6,0.3,0.5,0.4,0.2,0.2,1.3,0.7,3.8
"22-09-2026 09:28:28",186,"003733","ABALDE, ALBERTO",30,"https://media-cdn.cortextech.io/1dU3kpCqReRp93/1BSdBWIjCjnONy/f3b04ef8-b127-48a1-9be5-466f7729240c.png","MAD","RMB","Real Madrid","https://media-cdn.incrowdsports.com/371b0d9b-9250-4c09-bda7-0686cf024657.png",42,40,15.5722222222222,4.6,0.8,1.7,"45.8%",0.9,1.9,"46.9%",0.3,0.4,"80%",0.5,1,1.6,1.3,0.4,0.6,0,0.1,1.9,0.6,3.8
"22-09-2026 09:28:28",187,"001557","GIFFEY, NIELS",34,"https://media-cdn.cortextech.io/1dU3kpCqReRp93/1BSdBWIjCjnONy/848ecece-6f58-4d77-be0a-494e195584bc.png","MUN","BAY","FC Bayern Munich","https://media-cdn.incrowdsports.com/817b0e58-d595-4b09-ab0b-1e7cc26249ff.png",32,2,13.2192708333333,4.6,1,1.9,"55%",0.6,1.7,"34.5%",0.7,0.8,"85.2%",0.6,0.8,1.4,0.8,0.4,0.5,0,0.1,1.6,0.8,3.7
"22-09-2026 09:28:28",188,"007029","SIRVYDIS, DEIVIDAS",25,"https://media-cdn.cortextech.io/1dU3kpCqReRp93/1BSdBWIjCjnONz/0f38f343-3a06-40e9-a3f6-999fae1df4cb.png","ZAL","ZAL","Zalgiris Kaunas","https://media-cdn.incrowdsports.com/0aa09358-3847-4c4e-b228-3582ee4e536d.png",27,5,12.2697530864198,4.2,0.6,1.3,"50%",0.8,2.7,"29.7%",0.5,0.6,"93.3%",0.3,1.1,1.4,0.9,0.3,0.6,0.1,0.1,1,0.8,3.5
"22-09-2026 09:28:28",189,"010316","AJINCA, MELVIN",21,"https://media-cdn.cortextech.io/95228ab6-9d8d-4d35-a796-1734d65e28fb.png","ASV","ASV","LDLC ASVEL Villeurbanne","https://media-cdn.incrowdsports.com/e33c6d1a-95ca-4dbc-b8cb-0201812104cc.png",31,18,17.7193548387097,6,0.9,2.3,"40.3%",1.2,3.5,"32.7%",0.6,0.8,"80%",0.8,1,1.8,0.5,0.5,0.7,0,0.2,1.6,1,3.4
"22-09-2026 09:28:28",190,"002661","PREPELIC, KLEMEN",33,"https://media-cdn.cortextech.io/1dU3kpCqReRp93/1BSdBWIjCjnONy/ce003dfb-b3d8-484f-bc02-7c80bdd3af98.png","DUB","DUB","Dubai Basketball","https://media-cdn.incrowdsports.com/1efae090-16e2-4963-ae47-4b94f249c244.png",27,6,13.4481481481481,3.6,0.3,0.5,"57.1%",0.7,2.1,"32.1%",1,1.3,"79.4%",0.1,1,1.1,1.8,0.4,0.7,0,0,2.5,1.5,3.3
"22-09-2026 09:28:28",191,"012515","TARPEY, TERRY",31,"https://media-cdn.cortextech.io/1dU3kpCqReRp93/1BSdBWIjCjnONz/c9d9c3be-5f8b-4877-a12a-c757b239e3f0.png","MCO","ASM","AS Monaco","https://media-cdn.incrowdsports.com/89ed276a-2ba3-413f-8ea2-b3be209ca129.png",36,1,7.68842592592593,2,0.5,0.7,"68%",0.3,0.7,"45.8%",0.1,0.2,"62.5%",0.7,1.1,1.8,0.4,0.4,0.2,0.1,0,0.9,0.4,3.3
"22-09-2026 09:28:28",192,"013269","CALE, MYLES",26,"https://media-cdn.cortextech.io/6e507052-0ca4-4ca4-8148-256d2ebd97fc.png","BAR","BAR","FC Barcelona","https://media-cdn.incrowdsports.com/35dfa503-e417-481f-963a-bdf6f013763e.png",34,8,15.1740196078431,3.3,0.7,1.4,"51%",0.5,1.6,"29.1%",0.4,0.5,"76.5%",0.8,1.1,1.9,0.7,0.5,0.3,0.1,0.1,1.8,0.9,3.2
"22-09-2026 09:28:28",193,"011816","AKELE, NICOLA",30,"https://media-cdn.cortextech.io/1dU3kpCqReRp93/1BSdBWIjCjnONy/0b23dcbc-9c10-488a-9c33-d510c7b52a2b.png","VIR","VIR","Virtus Bologna","https://media-cdn.cortextech.io/1dU3kpCqReRp93/1BSdBWIjCiezvk/a92d4c3b-9f9c-4163-8a10-bcf8fc15893e.png",27,8,9.9,2.5,1.1,1.6,"65.9%",0.1,0.2,"33.3%",0.1,0.2,"50%",0.7,1.3,2,0.7,0.2,0.3,0.1,0,1.5,0.4,3.2
"22-09-2026 09:28:28",194,"011983","BRAZDEIKIS, IGNAS",26,"https://media-cdn.cortextech.io/32aea757-dc80-4848-82f4-525b77e0eb0d.png","ZAL","ZAL","Zalgiris Kaunas","https://media-cdn.incrowdsports.com/0aa09358-3847-4c4e-b228-3582ee4e536d.png",38,16,14.780701754386,4.8,1.3,3.4,"38.3%",0.6,1.7,"33.8%",0.5,0.7,"76.9%",0.6,1.3,1.9,0.8,0.2,0.5,0.1,0.1,1.4,0.7,3.1
"22-09-2026 09:28:28",195,"008232","POKUSEVSKI, ALEKSEJ",24,"https://media-cdn.cortextech.io/48c507e4-5d3d-45fa-8178-80cfacc0fdcc.png","PAR","PAR","Partizan Mozzart Bet Belgrade","https://media-cdn.incrowdsports.com/2681304e-77dd-4331-88b1-683078c0fb49.png",27,6,12.0691358024691,3.7,1,1.8,"54.2%",0.6,1.9,"30%",0.1,0.1,"100%",0.4,1.7,2.1,0.5,0.4,0.4,0.3,0.1,1.6,0.2,2.9
"22-09-2026 09:28:28",196,"013381","RAYMAN, WILLIAM",28,"https://media-cdn.cortextech.io/1dU3kpCqReRp93/1BSdBWIjCjnOO0/8d9e8529-db95-4e71-b212-68e2716504f6.png","TEL","MTA","Maccabi Rapyd Tel Aviv","https://media-cdn.cortextech.io/1b533342-78f5-4932-b714-a7d80b5826b5.png",38,17,11.9732456140351,3.1,0.3,0.9,"36.1%",0.5,1.3,"38%",0.9,1.4,"66%",0.9,1.2,2.1,0.3,0.3,0.2,0.2,0.2,2.4,1.6,2.8
"22-09-2026 09:28:28",197,"007736","LAKIC, ARIJAN",25,"https://media-cdn.cortextech.io/1dU3kpCqReRp93/1BSdBWIjCjnONz/2d7f73eb-ff44-4a2a-8e85-7d535077120e.png","PAR","PAR","Partizan Mozzart Bet Belgrade","https://media-cdn.incrowdsports.com/2681304e-77dd-4331-88b1-683078c0fb49.png",25,4,13.14,2.8,0.4,0.7,"50%",0.6,1.7,"34.9%",0.2,0.3,"75%",0.5,1.2,1.7,0.6,0.6,0.3,0.1,0,1.6,0.6,2.7
"22-09-2026 09:28:28",198,"003091","BIRSEN, METECAN",30,"https://media-cdn.cortextech.io/1dU3kpCqReRp93/1BSdBWIjCjnONy/41c4768b-f1cf-4198-8e2a-f17ed59fdeb1.png","ULK","FBB","Fenerbahce Istanbul","https://media-cdn.cortextech.io/1dU3kpCqReRp93/1BSdBWIjCiezrk/aa39750a-6203-49ee-a87d-edd0c6f0397d.png",24,3,11.2423611111111,2.4,0.4,1,"41.7%",0.3,0.8,"35%",0.7,0.8,"84.2%",0.6,1.5,2.2,0.3,0.3,0.5,0.1,0,1.6,0.8,2.7
"22-09-2026 09:28:28",199,"006591","NTILIKINA, FRANK",27,"https://media-cdn.cortextech.io/fc66f2ff-ec65-46a3-9321-f451825c4990.png","OLY;PAR","OLY;PAR","Olympiacos Piraeus;Partizan Mozzart Bet Belgrade","https://media-cdn.incrowdsports.com/789423ac-3cdf-4b89-b11c-b458aa5f59a6.png;https://media-cdn.incrowdsports.com/2681304e-77dd-4331-88b1-683078c0fb49.png",24,6,16.4097222222222,4.5,0.8,1.9,"40%",0.8,2.2,"36.5%",0.7,0.8,"84.2%",0.5,0.6,1.1,1.6,0.5,1.2,0.4,0.2,2.9,1.4,2.6
"22-09-2026 09:28:28",200,"007929","BITIM, ONURALP",26,"https://media-cdn.cortextech.io/1dU3kpCqReRp93/1BSdBWIjCjnONy/6e25f43c-4acd-4b01-9a49-cbae6e88f864.png","ULK","FBB","Fenerbahce Istanbul","https://media-cdn.cortextech.io/1dU3kpCqReRp93/1BSdBWIjCiezrk/aa39750a-6203-49ee-a87d-edd0c6f0397d.png",29,0,10.6063218390805,2.7,0.6,0.9,"68%",0.4,1.1,"36.4%",0.2,0.4,"53.8%",0.2,1.1,1.3,0.3,0.4,0.4,0.2,0,1.5,0.7,2.4
"22-09-2026 09:28:28",201,"003527","ABASS, AWUDU",32,"https://media-cdn.cortextech.io/433a611c-9dd9-46d0-8891-5655af2e1e37.png","DUB","DUB","Dubai Basketball","https://media-cdn.incrowdsports.com/1efae090-16e2-4963-ae47-4b94f249c244.png",31,14,16.3779569892473,3.2,0.7,1.3,"53.8%",0.5,1.5,"33.3%",0.3,0.5,"64.3%",0.7,0.8,1.5,0.5,0.3,0.3,0.1,0.1,1.6,0.4,2.4
"22-09-2026 09:28:28",202,"001255","PAPANIKOLAOU, KOSTAS",35,"https://media-cdn.cortextech.io/1dU3kpCqReRp93/1BSdBWIjCjnONy/ecebd297-d0b7-49bb-b33b-160dfa77f564.png","OLY","OLY","Olympiacos Piraeus","https://media-cdn.incrowdsports.com/789423ac-3cdf-4b89-b11c-b458aa5f59a6.png",36,21,14.312037037037,2.9,0.2,0.4,"64.3%",0.8,2.5,"31.1%",0.1,0.2,"28.6%",0.3,1.4,1.8,1.6,0.4,1,0.1,0.1,1.7,0.3,2.3
"22-09-2026 09:28:28",203,"TGB","LLULL, SERGIO",38,"https://media-cdn.cortextech.io/1dU3kpCqReRp93/1BSdBWIjCjnONy/e5b5f6e3-c6c4-4433-ae12-27bd2993b047.png","MAD","RMB","Real Madrid","https://media-cdn.incrowdsports.com/371b0d9b-9250-4c09-bda7-0686cf024657.png",40,0,10.65625,3.1,0.4,1,"35.7%",0.6,2.4,"26.8%",0.4,0.6,"66.7%",0.2,0.6,0.8,1.5,0.2,0.5,0,0,1,0.6,1.9
"22-09-2026 09:28:28",204,"012044","DOS SANTOS, YAGO",26,"https://media-cdn.cortextech.io/e0f72d56-5553-431c-8cb8-b5db06684356.png","RED","CZV","Crvena Zvezda Meridianbet Belgrade","https://media-cdn.incrowdsports.com/d2eef4a8-62df-4fdd-9076-276004268515.png",25,0,10.7646666666667,2.6,0.3,1.1,"28.6%",0.4,2.1,"20.8%",0.6,0.7,"88.9%",0.2,0.6,0.8,2.2,0.2,1.2,0,0.1,1.4,0.9,1.5
"22-09-2026 09:28:28",205,"009948","MARCOS, JUANI",25,"https://media-cdn.cortextech.io/4f6fd77e-968f-4eed-aefe-0e9828fafbd5.png","BAR","BAR","FC Barcelona","https://media-cdn.incrowdsports.com/35dfa503-e417-481f-963a-bdf6f013763e.png",31,2,8.59193548387097,2,0.2,0.7,"33.3%",0.5,1.6,"32%",0,0,"0%",0.3,0.6,0.9,1.3,0.4,0.6,0,0,1.2,0.3,1.4
"22-09-2026 09:28:28",206,"014015","BACOT JR., ARMANDO",25,"https://media-cdn.cortextech.io/b0477ee7-8ebb-4140-b641-fa3e33f99abd.png","ULK","FBB","Fenerbahce Istanbul","https://media-cdn.cortextech.io/1dU3kpCqReRp93/1BSdBWIjCiezrk/aa39750a-6203-49ee-a87d-edd0c6f0397d.png",26,2,10.1160256410256,2.4,0.7,1.5,"43.6%",0.2,0.6,"31.2%",0.5,0.6,"81.2%",0.8,1,1.8,0.6,0.3,1,0.3,0.3,2,0.7,1.3
"22-09-2026 09:28:28",207,"011209","KALAITZAKIS, PANAGIOTIS",26,"https://media-cdn.cortextech.io/1dU3kpCqReRp93/1BSdBWIjCjnONz/d9142339-64d6-403e-a019-0b74bec5611e.png","PAN","PAO","Panathinaikos AKTOR Athens","https://media-cdn.incrowdsports.com/e3dff28a-9ec6-4faf-9d96-ecbc68f75780.png",26,3,5.10897435897436,1,0.3,0.5,"66.7%",0.1,0.5,"23.1%",0,0.1,"33.3%",0.1,0.5,0.6,0.3,0.3,0.1,0,0,0.7,0.3,1
"22-09-2026 09:28:28",208,"010035","VILLAR, RAFA",21,"https://media-cdn.cortextech.io/9da0749d-0abb-42d9-8d0e-b9f7afc59f10.png","BAS","KBA","Baskonia Vitoria-Gasteiz","https://media-cdn.cortextech.io/cbc49cb0-99ce-4462-bdb7-56983ee03cf4.png",27,14,6.23086419753086,0.7,0.3,0.4,"66.7%",0,0.2,"0%",0.1,0.1,"100%",0.1,0.4,0.6,0.6,0.3,0.1,0,0,1.2,0.4,0.9
